title,img,link
Micasa@Seoul: Home sweet home~~,https://a0.muscache.com/im/pictures/10ca2b94-d414-443e-aed4-24d19fe72fb6.jpg?im_w=720,https://www.airbnb.co.kr//rooms/5898559?previous_page_section_name=1000&federated_search_id=1ad2692a-e5c3-426b-97f7-d9784c096467
Micasa@Seoul:  Newly opened just for you!,https://a0.muscache.com/im/pictures/268ebc34-3902-4a5c-9a87-2c7d8453a663.jpg?im_w=720,https://www.airbnb.co.kr//rooms/38145044?previous_page_section_name=1000&federated_search_id=1ad2692a-e5c3-426b-97f7-d9784c096467
Micasa@Seoul: As good as it gets~~,https://a0.muscache.com/im/pictures/110638618/ecc9499e_original.jpg?im_w=720,https://www.airbnb.co.kr//rooms/5898549?previous_page_section_name=1000&federated_search_id=1ad2692a-e5c3-426b-97f7-d9784c096467
♥Fave501♥Helloworld Duplex Room★Newly open★,https://a0.muscache.com/im/pictures/845ad15f-c959-4dc3-9ebe-2432ed47a897.jpg?im_w=720,https://www.airbnb.co.kr//rooms/34334969?previous_page_section_name=1000&federated_search_id=1ad2692a-e5c3-426b-97f7-d9784c096467
"FreeWiFiEgg#StylishApt#HongdaeStn.3Mins,SuperClean",https://a0.muscache.com/im/pictures/b2b44414-3fb4-45a4-8641-b46ca7eb17f1.jpg?im_w=720,https://www.airbnb.co.kr//rooms/34907480?previous_page_section_name=1000&federated_search_id=1ad2692a-e5c3-426b-97f7-d9784c096467
"#FreeWiFiEgg# HongdaeStn.10Sec,E/V,Airy,SuperClean",https://a0.muscache.com/im/pictures/f3e4ef24-ef0c-4dd5-b590-f46016c156a4.jpg?im_w=720,https://www.airbnb.co.kr//rooms/35781575?previous_page_section_name=1000&federated_search_id=1ad2692a-e5c3-426b-97f7-d9784c096467
Newlyopen★★402 Seven house 역에서 단 5분거리!,https://a0.muscache.com/im/pictures/2279bb8c-0428-4340-bd3f-50f4e630e332.jpg?im_w=720,https://www.airbnb.co.kr//rooms/42137917?previous_page_section_name=1000&federated_search_id=1ad2692a-e5c3-426b-97f7-d9784c096467
2#Jade House-Hongik Station Exit no.6 walk 4min,https://a0.muscache.com/im/pictures/926bca75-4c46-43a9-a45c-d8f9a18b924d.jpg?im_w=720,https://www.airbnb.co.kr//rooms/29556662?previous_page_section_name=1000&federated_search_id=1ad2692a-e5c3-426b-97f7-d9784c096467
"편안하고 안락한 서교동, 마포구 숙소",https://a0.muscache.com/im/pictures/2f6ccfaa-b050-4a7f-875d-bc1c47d28967.jpg?im_w=720,https://www.airbnb.co.kr//rooms/43015738?previous_page_section_name=1000&federated_search_id=1ad2692a-e5c3-426b-97f7-d9784c096467
"깨끗하고 경치가 좋은 곳, 마포구 숙소",https://a0.muscache.com/im/pictures/c4fddc88-6d76-4495-87bf-72ce4b02348d.jpg?im_w=720,https://www.airbnb.co.kr//rooms/45536946?previous_page_section_name=1000&federated_search_id=1ad2692a-e5c3-426b-97f7-d9784c096467
quarantine 자가격리가능 홍대입구3번출구3분거리 Hongik station 弘大♡,https://a0.muscache.com/im/pictures/8f62b411-04ea-45d9-a6f2-c86c8f717866.jpg?im_w=720,https://www.airbnb.co.kr//rooms/31096292?previous_page_section_name=1000&federated_search_id=1ad2692a-e5c3-426b-97f7-d9784c096467
Kevin's home 3 (For one person.),https://a0.muscache.com/im/pictures/2afd6b49-159e-436b-893d-498bcaa4350e.jpg?im_w=720,https://www.airbnb.co.kr//rooms/20443501?previous_page_section_name=1000&federated_search_id=1ad2692a-e5c3-426b-97f7-d9784c096467
Newlyopen★105SweetCheese★역에서 단 3분거리!,https://a0.muscache.com/im/pictures/6c2c2c2d-d9a1-4a64-a31e-b4e2666c254f.jpg?im_w=720,https://www.airbnb.co.kr//rooms/29213312?previous_page_section_name=1000&federated_search_id=1ad2692a-e5c3-426b-97f7-d9784c096467
quarantine 자가격리가능! 홍대입구3번출구3분거리 Hongik station 弘大,https://a0.muscache.com/im/pictures/3bdd03d8-fca5-4d72-a61c-9c08d440034f.jpg?im_w=720,https://www.airbnb.co.kr//rooms/31098119?previous_page_section_name=1000&federated_search_id=1ad2692a-e5c3-426b-97f7-d9784c096467
★New Open★Hongik Univ Stn 3-5min!❤️연남하우스❤️#301,https://a0.muscache.com/im/pictures/a058ad64-4f72-42e0-8cfe-7507183d8fa0.jpg?im_w=720,https://www.airbnb.co.kr//rooms/38871224?previous_page_section_name=1000&federated_search_id=1ad2692a-e5c3-426b-97f7-d9784c096467
"편안하고 포근한 서교동, 마포구 숙소",https://a0.muscache.com/im/pictures/fb9592da-56ee-4979-b940-e883b9328617.jpg?im_w=720,https://www.airbnb.co.kr//rooms/47379659?previous_page_section_name=1000&federated_search_id=1ad2692a-e5c3-426b-97f7-d9784c096467
Spacious private room with a terrace,https://a0.muscache.com/im/pictures/545f1f83-d0c3-44be-921c-51c4ced10540.jpg?im_w=720,https://www.airbnb.co.kr//rooms/46093747?previous_page_section_name=1000&federated_search_id=1ad2692a-e5c3-426b-97f7-d9784c096467
Micasa@Seoul:  Make yourself at home^^,https://a0.muscache.com/im/pictures/54f6c611-285a-4b55-ae2f-d9a66666198f.jpg?im_w=720,https://www.airbnb.co.kr//rooms/22639713?previous_page_section_name=1000&federated_search_id=1ad2692a-e5c3-426b-97f7-d9784c096467
family36-자가격리가능,https://a0.muscache.com/im/pictures/miso/Hosting-46535302/original/f324c88e-3a4f-45a6-9355-b994f643ed97.jpeg?im_w=720,https://www.airbnb.co.kr//rooms/46535302?previous_page_section_name=1000&federated_search_id=1ad2692a-e5c3-426b-97f7-d9784c096467
"[STAY#4]Han-RiverVeiw,NETFLIX,Near Dangsan Station",https://a0.muscache.com/im/pictures/80042ea4-9249-4cf1-b9f0-068c30c24aa4.jpg?im_w=720,https://www.airbnb.co.kr//rooms/47794022?previous_page_section_name=1000&federated_search_id=1ad2692a-e5c3-426b-97f7-d9784c096467
Spacious private room with a terrace,https://a0.muscache.com/im/pictures/545f1f83-d0c3-44be-921c-51c4ced10540.jpg?im_w=720,https://www.airbnb.co.kr//rooms/46093747?previous_page_section_name=1000&federated_search_id=d59cc8fa-4f7d-472a-9357-3672d696e1fc
"[사슴, 한강뷰] 한강이 보이는 그린&그레이 톤의 방",https://a0.muscache.com/im/pictures/a7ee5abb-e6c0-4abe-beb9-ad63e2c43e38.jpg?im_w=720,https://www.airbnb.co.kr//rooms/26545398?previous_page_section_name=1000&federated_search_id=d59cc8fa-4f7d-472a-9357-3672d696e1fc
"편안하고 포근한 서교동, 마포구 숙소",https://a0.muscache.com/im/pictures/fb9592da-56ee-4979-b940-e883b9328617.jpg?im_w=720,https://www.airbnb.co.kr//rooms/47379659?previous_page_section_name=1000&federated_search_id=d59cc8fa-4f7d-472a-9357-3672d696e1fc
Newlyopen★105SweetCheese★역에서 단 3분거리!,https://a0.muscache.com/im/pictures/6c2c2c2d-d9a1-4a64-a31e-b4e2666c254f.jpg?im_w=720,https://www.airbnb.co.kr//rooms/29213312?previous_page_section_name=1000&federated_search_id=d59cc8fa-4f7d-472a-9357-3672d696e1fc
"서울 친구의 집
(a friend's house in Seoul.)",https://a0.muscache.com/im/pictures/24bd4a4e-5664-44e8-b461-7fa58ba38305.jpg?im_w=720,https://www.airbnb.co.kr//rooms/15515907?previous_page_section_name=1000&federated_search_id=d59cc8fa-4f7d-472a-9357-3672d696e1fc
망원역 도보3분거리/Clean and Cozy House #3,https://a0.muscache.com/im/pictures/d02c6dda-d43f-4a72-a370-f038baf26a28.jpg?im_w=720,https://www.airbnb.co.kr//rooms/40246962?previous_page_section_name=1000&federated_search_id=d59cc8fa-4f7d-472a-9357-3672d696e1fc
#2 민트 하우스,https://a0.muscache.com/im/pictures/8d89772d-77ce-45da-849f-d9cff57d7ca8.jpg?im_w=720,https://www.airbnb.co.kr//rooms/24536940?previous_page_section_name=1000&federated_search_id=d59cc8fa-4f7d-472a-9357-3672d696e1fc
family37-자가격리가능,https://a0.muscache.com/im/pictures/miso/Hosting-7439226/original/8f38801a-e4f0-4e87-be34-ce95ddf8acb7.jpeg?im_w=720,https://www.airbnb.co.kr//rooms/7439226?previous_page_section_name=1000&federated_search_id=d59cc8fa-4f7d-472a-9357-3672d696e1fc
민트 하우스,https://a0.muscache.com/im/pictures/4c75a3a8-4eb8-4b49-b203-481d2dc15c59.jpg?im_w=720,https://www.airbnb.co.kr//rooms/23654629?previous_page_section_name=1000&federated_search_id=d59cc8fa-4f7d-472a-9357-3672d696e1fc
Serene Stay @Private 1 @Queen Bed,https://a0.muscache.com/im/pictures/a3912086-e317-4913-ab09-fb38e2737ee5.jpg?im_w=720,https://www.airbnb.co.kr//rooms/20770469?previous_page_section_name=1000&federated_search_id=d59cc8fa-4f7d-472a-9357-3672d696e1fc
[OPEN SALE!!] Calm and Warm Mangwon ÒHaus,https://a0.muscache.com/im/pictures/95012194-bd67-41c8-b8a9-76736f4c3fdc.jpg?im_w=720,https://www.airbnb.co.kr//rooms/39048154?previous_page_section_name=1000&federated_search_id=d59cc8fa-4f7d-472a-9357-3672d696e1fc
★1012★ Helloworld House # 역에서 7분거리! #연트럴파크 1분,https://a0.muscache.com/im/pictures/d21659d2-36f7-4a2d-bbf8-1053e8bf86e7.jpg?im_w=720,https://www.airbnb.co.kr//rooms/31944363?previous_page_section_name=1000&federated_search_id=d59cc8fa-4f7d-472a-9357-3672d696e1fc
★2014★Helloworld House#역에서7분거리! #연트럴파크 1분,https://a0.muscache.com/im/pictures/aaf31ebd-3803-467c-8bab-999975893832.jpg?im_w=720,https://www.airbnb.co.kr//rooms/31917774?previous_page_section_name=1000&federated_search_id=d59cc8fa-4f7d-472a-9357-3672d696e1fc
★1013★ Helloworld House # 역에서 7분거리! #연트럴파크 1분,https://a0.muscache.com/im/pictures/ce7b5b64-6f57-4332-a5ef-9666077da2c1.jpg?im_w=720,https://www.airbnb.co.kr//rooms/31943662?previous_page_section_name=1000&federated_search_id=d59cc8fa-4f7d-472a-9357-3672d696e1fc
Micasa@Seoul: Home away from home,https://a0.muscache.com/im/pictures/78858561/7e858201_original.jpg?im_w=720,https://www.airbnb.co.kr//rooms/6163113?previous_page_section_name=1000&federated_search_id=d59cc8fa-4f7d-472a-9357-3672d696e1fc
"#203 Sinchon Sta 2mins, Hongdae 8mins Blue Mansion",https://a0.muscache.com/im/pictures/57260585-c065-4ab1-9554-e52ca45c0aed.jpg?im_w=720,https://www.airbnb.co.kr//rooms/29941215?previous_page_section_name=1000&federated_search_id=d59cc8fa-4f7d-472a-9357-3672d696e1fc
family36-자가격리가능,https://a0.muscache.com/im/pictures/miso/Hosting-46535302/original/f324c88e-3a4f-45a6-9355-b994f643ed97.jpeg?im_w=720,https://www.airbnb.co.kr//rooms/46535302?previous_page_section_name=1000&federated_search_id=d59cc8fa-4f7d-472a-9357-3672d696e1fc
BB 홍대 Private Room(싱글룸),https://a0.muscache.com/im/pictures/004b2d92-0cb2-4fda-8f9f-c395e1541c06.jpg?im_w=720,https://www.airbnb.co.kr//rooms/42780881?previous_page_section_name=1000&federated_search_id=d59cc8fa-4f7d-472a-9357-3672d696e1fc
#Black3 NEW★제리네★ 얼리체크인!  #1층집,https://a0.muscache.com/im/pictures/86b94d39-76c7-453e-bd3e-ee4579a4f763.jpg?im_w=720,https://www.airbnb.co.kr//rooms/41353818?previous_page_section_name=1000&federated_search_id=d59cc8fa-4f7d-472a-9357-3672d696e1fc
숙대 앞 안전하고 살기좋은 빌라 Calm&Mood-108(only woman),https://a0.muscache.com/im/pictures/miso/Hosting-47723181/original/9e745518-615f-4d06-a9c3-8fba6585bd6f.jpeg?im_w=720,https://www.airbnb.co.kr//rooms/47723785?previous_page_section_name=1000&federated_search_id=d59cc8fa-4f7d-472a-9357-3672d696e1fc
★2012★ Helloworld House #역에서7분,https://a0.muscache.com/im/pictures/d5bcc5e1-f224-41c4-b912-d6a68ec7b9f1.jpg?im_w=720,https://www.airbnb.co.kr//rooms/45734050?previous_page_section_name=1000&federated_search_id=cb6d865f-2659-4203-9958-52ff5cb983c1
#2 민트 하우스,https://a0.muscache.com/im/pictures/8d89772d-77ce-45da-849f-d9cff57d7ca8.jpg?im_w=720,https://www.airbnb.co.kr//rooms/24536940?previous_page_section_name=1000&federated_search_id=cb6d865f-2659-4203-9958-52ff5cb983c1
#Black1 NEW★제리네★ #얼리체크인 #1층집,https://a0.muscache.com/im/pictures/203255e4-e17b-47fa-9959-62a86f8baa10.jpg?im_w=720,https://www.airbnb.co.kr//rooms/41394922?previous_page_section_name=1000&federated_search_id=cb6d865f-2659-4203-9958-52ff5cb983c1
#Black2 NEW★제리네★ #얼리체크인 #1층집,https://a0.muscache.com/im/pictures/miso/Hosting-41723734/original/2f9cc48d-6f6a-4ca4-9ba7-436714ce89b3.jpeg?im_w=720,https://www.airbnb.co.kr//rooms/41723734?previous_page_section_name=1000&federated_search_id=cb6d865f-2659-4203-9958-52ff5cb983c1
민트 하우스,https://a0.muscache.com/im/pictures/4c75a3a8-4eb8-4b49-b203-481d2dc15c59.jpg?im_w=720,https://www.airbnb.co.kr//rooms/23654629?previous_page_section_name=1000&federated_search_id=cb6d865f-2659-4203-9958-52ff5cb983c1
Enjoy RealSeoul! 1min public transit/Gourmet Dist.,https://a0.muscache.com/im/pictures/6980b8c8-4bf4-4a90-a141-77cd5c10b3a5.jpg?im_w=720,https://www.airbnb.co.kr//rooms/35354622?previous_page_section_name=1000&federated_search_id=cb6d865f-2659-4203-9958-52ff5cb983c1
"[STAY#4]Han-RiverVeiw,NETFLIX,Near Dangsan Station",https://a0.muscache.com/im/pictures/80042ea4-9249-4cf1-b9f0-068c30c24aa4.jpg?im_w=720,https://www.airbnb.co.kr//rooms/47794022?previous_page_section_name=1000&federated_search_id=cb6d865f-2659-4203-9958-52ff5cb983c1
#Black3 NEW★제리네★ 얼리체크인!  #1층집,https://a0.muscache.com/im/pictures/86b94d39-76c7-453e-bd3e-ee4579a4f763.jpg?im_w=720,https://www.airbnb.co.kr//rooms/41353818?previous_page_section_name=1000&federated_search_id=cb6d865f-2659-4203-9958-52ff5cb983c1
New Nani House (5min),https://a0.muscache.com/im/pictures/46b9795a-ed73-445e-86d0-7c724925021c.jpg?im_w=720,https://www.airbnb.co.kr//rooms/35374784?previous_page_section_name=1000&federated_search_id=cb6d865f-2659-4203-9958-52ff5cb983c1
홍대입구역3min/Honey sleep[SUN106],https://a0.muscache.com/im/pictures/0481065d-0421-4929-82ea-cbbaf54b3ea1.jpg?im_w=720,https://www.airbnb.co.kr//rooms/29927860?previous_page_section_name=1000&federated_search_id=cb6d865f-2659-4203-9958-52ff5cb983c1
♥Fave301♥Helloworld Studio★Newly open,https://a0.muscache.com/im/pictures/f56a62dd-2904-42fc-b3c3-df9545e88a99.jpg?im_w=720,https://www.airbnb.co.kr//rooms/34364297?previous_page_section_name=1000&federated_search_id=cb6d865f-2659-4203-9958-52ff5cb983c1
[#A SoDam] 2min Sinchon. 1stop Hongdae. Free wifi,https://a0.muscache.com/im/pictures/268f8188-be65-4e52-879b-8b362216ce5c.jpg?im_w=720,https://www.airbnb.co.kr//rooms/5052534?previous_page_section_name=1000&federated_search_id=cb6d865f-2659-4203-9958-52ff5cb983c1
자가격리#D#Hongdae#Whole house#2Room&2QBed#Min,https://a0.muscache.com/im/pictures/160228d3-78ce-4664-8294-4ab09b54aecc.jpg?im_w=720,https://www.airbnb.co.kr//rooms/46650528?previous_page_section_name=1000&federated_search_id=cb6d865f-2659-4203-9958-52ff5cb983c1
홍대입구역3min/Comfortable/clean[SUN204],https://a0.muscache.com/im/pictures/e8a08f87-12e7-4ec6-8ad6-bc7eed87f8d2.jpg?im_w=720,https://www.airbnb.co.kr//rooms/35223153?previous_page_section_name=1000&federated_search_id=cb6d865f-2659-4203-9958-52ff5cb983c1
♥Fave303♥Helloworld Studio★Newly open,https://a0.muscache.com/im/pictures/69021387-c73e-493f-a1a4-cb3643d8299a.jpg?im_w=720,https://www.airbnb.co.kr//rooms/34336379?previous_page_section_name=1000&federated_search_id=cb6d865f-2659-4203-9958-52ff5cb983c1
J-1韓国ソウル新村站 1인단독 자가격리 自己隔離 自我隔离 Self-isolation,https://a0.muscache.com/im/pictures/6f9c6fe3-87fa-4829-b58a-8d84ef80e8ef.jpg?im_w=720,https://www.airbnb.co.kr//rooms/45259471?previous_page_section_name=1000&federated_search_id=cb6d865f-2659-4203-9958-52ff5cb983c1
[OPEN SALE!!] Calm and Warm Mangwon ÒHaus,https://a0.muscache.com/im/pictures/95012194-bd67-41c8-b8a9-76736f4c3fdc.jpg?im_w=720,https://www.airbnb.co.kr//rooms/39048154?previous_page_section_name=1000&federated_search_id=cb6d865f-2659-4203-9958-52ff5cb983c1
Butler House #3,https://a0.muscache.com/im/pictures/0c3784e4-53d7-4ced-9daa-7626b44c3336.jpg?im_w=720,https://www.airbnb.co.kr//rooms/31250032?previous_page_section_name=1000&federated_search_id=cb6d865f-2659-4203-9958-52ff5cb983c1
오픈유어서울(OPEN YOUR SEOUL) 합정역 1분거리(Hongdae/Hapjeong),https://a0.muscache.com/im/pictures/752239bd-fd2d-46d3-bc10-4c7d05a20410.jpg?im_w=720,https://www.airbnb.co.kr//rooms/30697845?previous_page_section_name=1000&federated_search_id=cb6d865f-2659-4203-9958-52ff5cb983c1
망리단길 중심위치 빈티지 하우스105,https://a0.muscache.com/im/pictures/6d507846-4082-4fcb-ab6e-e4c5774f8f75.jpg?im_w=720,https://www.airbnb.co.kr//rooms/47161424?previous_page_section_name=1000&federated_search_id=cb6d865f-2659-4203-9958-52ff5cb983c1
[#A SoDam] 2min Sinchon. 1stop Hongdae. Free wifi,https://a0.muscache.com/im/pictures/268f8188-be65-4e52-879b-8b362216ce5c.jpg?im_w=720,https://www.airbnb.co.kr//rooms/5052534?previous_page_section_name=1000&federated_search_id=e0b2064f-ad16-40f7-a01a-ecf853c93aca
[River View]Cozy studio/30Sec Hapjeong Station,https://a0.muscache.com/im/pictures/472d859e-3e53-4794-8fd0-625cb18ba8c4.jpg?im_w=720,https://www.airbnb.co.kr//rooms/47793480?previous_page_section_name=1000&federated_search_id=e0b2064f-ad16-40f7-a01a-ecf853c93aca
"#204 Sinchon Sta 2mins, Hongdae 8mins Blue Mansion",https://a0.muscache.com/im/pictures/e256a409-1c06-40e5-8bdd-30f18c235671.jpg?im_w=720,https://www.airbnb.co.kr//rooms/29941294?previous_page_section_name=1000&federated_search_id=e0b2064f-ad16-40f7-a01a-ecf853c93aca
망원테라스,https://a0.muscache.com/im/pictures/0d630383-91d4-44d4-a26c-372feb516190.jpg?im_w=720,https://www.airbnb.co.kr//rooms/29040337?previous_page_section_name=1000&federated_search_id=e0b2064f-ad16-40f7-a01a-ecf853c93aca
[City View]Cozy Studio/합정역5초/통창/남향/채광✨,https://a0.muscache.com/im/pictures/66ee525b-ff85-4490-9bed-b837298df76f.jpg?im_w=720,https://www.airbnb.co.kr//rooms/36758166?previous_page_section_name=1000&federated_search_id=e0b2064f-ad16-40f7-a01a-ecf853c93aca
Newlyopen★102SweetCheese★역에서 단 3분거리!,https://a0.muscache.com/im/pictures/26712bd0-8003-42ac-8e60-6899ac0eb2e2.jpg?im_w=720,https://www.airbnb.co.kr//rooms/28751075?previous_page_section_name=1000&federated_search_id=e0b2064f-ad16-40f7-a01a-ecf853c93aca
Butler House #1,https://a0.muscache.com/im/pictures/30a9a161-aa55-430d-b1fd-108581d8358c.jpg?im_w=720,https://www.airbnb.co.kr//rooms/28875359?previous_page_section_name=1000&federated_search_id=e0b2064f-ad16-40f7-a01a-ecf853c93aca
빙고호스텔 연남점 - TRIPLE III,https://a0.muscache.com/im/pictures/208ef839-415d-4a09-8306-f6ed0a678ccc.jpg?im_w=720,https://www.airbnb.co.kr//rooms/31332072?previous_page_section_name=1000&federated_search_id=e0b2064f-ad16-40f7-a01a-ecf853c93aca
"[BEST RiverView House]Mapo,Hongdae/Free Wifi&IPTV",https://a0.muscache.com/im/pictures/3f870b0d-c0c8-4fd8-a539-7de19252ed40.jpg?im_w=720,https://www.airbnb.co.kr//rooms/43193214?previous_page_section_name=1000&federated_search_id=e0b2064f-ad16-40f7-a01a-ecf853c93aca
홍대의 당신의 아름다운 장기 렌탈집! (+ wifi에그),https://a0.muscache.com/im/pictures/ccf7ecef-2801-4b8e-9a57-bf4b0d1dceb5.jpg?im_w=720,https://www.airbnb.co.kr//rooms/5755130?previous_page_section_name=1000&federated_search_id=e0b2064f-ad16-40f7-a01a-ecf853c93aca
"a place where one can rest quietly
연남동, 조용한 휴식처",https://a0.muscache.com/im/pictures/1a69307c-7bc1-466e-9caa-fa836cfb4f08.jpg?im_w=720,https://www.airbnb.co.kr//rooms/42366099?previous_page_section_name=1000&federated_search_id=e0b2064f-ad16-40f7-a01a-ecf853c93aca
1. HH's house #Han river view #Mapo St. 1min #Cozy,https://a0.muscache.com/im/pictures/837b45e7-1f44-4bf8-8042-9c3ad252874c.jpg?im_w=720,https://www.airbnb.co.kr//rooms/40332217?previous_page_section_name=1000&federated_search_id=e0b2064f-ad16-40f7-a01a-ecf853c93aca
[panorama view] special sharehouse,https://a0.muscache.com/im/pictures/20c6c0c7-ab58-4d96-a459-bf896b94b6c5.jpg?im_w=720,https://www.airbnb.co.kr//rooms/47773288?previous_page_section_name=1000&federated_search_id=e0b2064f-ad16-40f7-a01a-ecf853c93aca
[DayDream#2]NewOpen/5min-Hongdae stn/Best location,https://a0.muscache.com/im/pictures/aab7322c-466f-49d8-9f5c-6c9fb7f3fa7f.jpg?im_w=720,https://www.airbnb.co.kr//rooms/40049547?previous_page_section_name=1000&federated_search_id=e0b2064f-ad16-40f7-a01a-ecf853c93aca
#31 Sinchon Sta 2mins Hongdae 8mins Blue Mansion,https://a0.muscache.com/im/pictures/29aa0a8e-b6bd-4310-bd90-1866b56e1d54.jpg?im_w=720,https://www.airbnb.co.kr//rooms/41897792?previous_page_section_name=1000&federated_search_id=e0b2064f-ad16-40f7-a01a-ecf853c93aca
"[OPEN] #아늑하게_house#망리단길 중심
#소독.청결.휴식.보안#무료 넷플릭스",https://a0.muscache.com/im/pictures/9c604fed-faaa-4361-a3a1-6bd1f333709e.jpg?im_w=720,https://www.airbnb.co.kr//rooms/46450348?previous_page_section_name=1000&federated_search_id=e0b2064f-ad16-40f7-a01a-ecf853c93aca
< 코로나방역완료 > 홍대 합정 망원동 5분 복층 /  #넷플릭스 유튜브 시청 가능 !,https://a0.muscache.com/im/pictures/d296f95b-be49-48f7-8ef5-55cb5dd8e858.jpg?im_w=720,https://www.airbnb.co.kr//rooms/32004615?previous_page_section_name=1000&federated_search_id=e0b2064f-ad16-40f7-a01a-ecf853c93aca
♥Fave303♥Helloworld Studio★Newly open,https://a0.muscache.com/im/pictures/69021387-c73e-493f-a1a4-cb3643d8299a.jpg?im_w=720,https://www.airbnb.co.kr//rooms/34336379?previous_page_section_name=1000&federated_search_id=e0b2064f-ad16-40f7-a01a-ecf853c93aca
Newlyopen★★405 Seven house 역에서 단 5분거리!,https://a0.muscache.com/im/pictures/4ffd1c13-d46e-4406-80cb-64c679026b47.jpg?im_w=720,https://www.airbnb.co.kr//rooms/42136476?previous_page_section_name=1000&federated_search_id=e0b2064f-ad16-40f7-a01a-ecf853c93aca
"서촌유닛(Sechon Unit)-종로구,경복궁역,서촌",https://a0.muscache.com/im/pictures/3092f646-e2bf-426d-895d-f413ffdf7263.jpg?im_w=720,https://www.airbnb.co.kr//rooms/39800059?previous_page_section_name=1000&federated_search_id=e0b2064f-ad16-40f7-a01a-ecf853c93aca
♥Fave501♥Helloworld Duplex Room★Newly open★,https://a0.muscache.com/im/pictures/845ad15f-c959-4dc3-9ebe-2432ed47a897.jpg?im_w=720,https://www.airbnb.co.kr//rooms/34334969?previous_page_section_name=1000&federated_search_id=d1ceeef0-b71b-47ba-8038-478ece890184
[2층 다 쓰세요] 킹사이즈 개인실 & 루프탑 & 화장실 (+루프탑 바베큐 시설 선택가능),https://a0.muscache.com/im/pictures/eb459b5e-ead9-47a6-9d71-2909e0332480.jpg?im_w=720,https://www.airbnb.co.kr//rooms/43199899?previous_page_section_name=1000&federated_search_id=d1ceeef0-b71b-47ba-8038-478ece890184
☆자가격리가능 Quarantine available Spacious flat,https://a0.muscache.com/im/pictures/b788b47f-5147-4238-bb8e-d6e0ab39e56c.jpg?im_w=720,https://www.airbnb.co.kr//rooms/44163650?previous_page_section_name=1000&federated_search_id=d1ceeef0-b71b-47ba-8038-478ece890184
3호선 홍제동 역세권 1인 게스트를 위한 아늑한 숙소 103호(only woman),https://a0.muscache.com/im/pictures/206662b9-d0bb-4d01-97f8-d18ae56d41e5.jpg?im_w=720,https://www.airbnb.co.kr//rooms/47555891?previous_page_section_name=1000&federated_search_id=d1ceeef0-b71b-47ba-8038-478ece890184
< 코로나방역완료 > 홍대 합정 망원동 5분 복층 /  #넷플릭스 유튜브 시청 가능 !,https://a0.muscache.com/im/pictures/d296f95b-be49-48f7-8ef5-55cb5dd8e858.jpg?im_w=720,https://www.airbnb.co.kr//rooms/32004615?previous_page_section_name=1000&federated_search_id=d1ceeef0-b71b-47ba-8038-478ece890184
"[River View House]Map,Hongdae /Free Wifi & IPTV",https://a0.muscache.com/im/pictures/d73a0c76-d0dd-4506-bf44-c0e06371badd.jpg?im_w=720,https://www.airbnb.co.kr//rooms/42301673?previous_page_section_name=1000&federated_search_id=d1ceeef0-b71b-47ba-8038-478ece890184
BB 홍대 Dormitory Room(4인 여성 도미토리룸),https://a0.muscache.com/im/pictures/0b069187-b4bd-4c23-be5a-670cc340d65d.jpg?im_w=720,https://www.airbnb.co.kr//rooms/35026965?previous_page_section_name=1000&federated_search_id=d1ceeef0-b71b-47ba-8038-478ece890184
[SUBWAY 3MIN] 신방화 [406]김포공항10분,https://a0.muscache.com/im/pictures/c5c02bb1-9b97-4bc9-b9ea-256f10f817e1.jpg?im_w=720,https://www.airbnb.co.kr//rooms/30536450?previous_page_section_name=1000&federated_search_id=d1ceeef0-b71b-47ba-8038-478ece890184
#32 Sinchon Sta 2mins Hongdae 8mins Blue Mansion,https://a0.muscache.com/im/pictures/202f2d50-4c7e-41a9-9198-b775f2a20079.jpg?im_w=720,https://www.airbnb.co.kr//rooms/41948409?previous_page_section_name=1000&federated_search_id=d1ceeef0-b71b-47ba-8038-478ece890184
★ ★ 홍대6번출구책거리공원길 ★★ House F6 (홍대역6번출구!5분거리!),https://a0.muscache.com/im/pictures/a6a55fd6-ae61-4b1d-9403-5c21eb0e68a7.jpg?im_w=720,https://www.airbnb.co.kr//rooms/45807789?previous_page_section_name=1000&federated_search_id=d1ceeef0-b71b-47ba-8038-478ece890184
1 minute HyochangPark station line6,https://a0.muscache.com/im/pictures/4c800ec6-099a-48e7-9f43-5d66c0ec3e95.jpg?im_w=720,https://www.airbnb.co.kr//rooms/13706860?previous_page_section_name=1000&federated_search_id=d1ceeef0-b71b-47ba-8038-478ece890184
조용한 용산구 주택가,https://a0.muscache.com/im/pictures/1a63fb36-2a62-476f-9617-246a431fd8f7.jpg?im_w=720,https://www.airbnb.co.kr//rooms/47325679?previous_page_section_name=1000&federated_search_id=d1ceeef0-b71b-47ba-8038-478ece890184
TwinBeds,https://a0.muscache.com/im/pictures/68581635/73afe4b5_original.jpg?im_w=720,https://www.airbnb.co.kr//rooms/5501063?previous_page_section_name=1000&federated_search_id=d1ceeef0-b71b-47ba-8038-478ece890184
★New Open★Hongik Univ Stn 3-5min!❤️연남하우스❤️#301,https://a0.muscache.com/im/pictures/a058ad64-4f72-42e0-8cfe-7507183d8fa0.jpg?im_w=720,https://www.airbnb.co.kr//rooms/38871224?previous_page_section_name=1000&federated_search_id=d1ceeef0-b71b-47ba-8038-478ece890184
[DayDream#2]NewOpen/5min-Hongdae stn/Best location,https://a0.muscache.com/im/pictures/aab7322c-466f-49d8-9f5c-6c9fb7f3fa7f.jpg?im_w=720,https://www.airbnb.co.kr//rooms/40049547?previous_page_section_name=1000&federated_search_id=d1ceeef0-b71b-47ba-8038-478ece890184
"1 Room, flat shared (Female Only, No Quarantine)",https://a0.muscache.com/im/pictures/1eb8dbcb-9466-44a6-9925-c52b5188cb8a.jpg?im_w=720,https://www.airbnb.co.kr//rooms/47326214?previous_page_section_name=1000&federated_search_id=d1ceeef0-b71b-47ba-8038-478ece890184
♥Hongdae/Sangsu station2min/dormitory/female only♥,https://a0.muscache.com/im/pictures/480348fa-3acb-4163-8d23-4f93af404053.jpg?im_w=720,https://www.airbnb.co.kr//rooms/40406331?previous_page_section_name=1000&federated_search_id=d1ceeef0-b71b-47ba-8038-478ece890184
서울 집 (A house in Seoul!!),https://a0.muscache.com/im/pictures/bfe92893-c870-4337-8522-622e45b0b618.jpg?im_w=720,https://www.airbnb.co.kr//rooms/35878598?previous_page_section_name=1000&federated_search_id=d1ceeef0-b71b-47ba-8038-478ece890184
나이스한 공용공간이 있는 8인 여성전용 도미토리 침대,https://a0.muscache.com/im/pictures/d2b034a2-5edc-4022-9f34-dd0619cf3212.jpg?im_w=720,https://www.airbnb.co.kr//rooms/8122828?previous_page_section_name=1000&federated_search_id=d1ceeef0-b71b-47ba-8038-478ece890184
H1] 2020년 리뉴얼! 합정역1분거리 초고층 스카이뷰  최고급 레지던스. 무료주차,https://a0.muscache.com/im/pictures/92aff1d9-251d-4083-85c4-67ee4a1082aa.jpg?im_w=720,https://www.airbnb.co.kr//rooms/22526958?previous_page_section_name=1000&federated_search_id=d1ceeef0-b71b-47ba-8038-478ece890184
Hongik Univ. 1Min/ big house[SUN406],https://a0.muscache.com/im/pictures/086f9428-a072-4f9d-ba2b-e8032280d5d6.jpg?im_w=720,https://www.airbnb.co.kr//rooms/29052690?previous_page_section_name=1000&federated_search_id=b95f11bb-4bda-42a6-9b40-b0718da8cb00
[City View]Cozy Studio/합정역5초/통창/남향/채광✨,https://a0.muscache.com/im/pictures/66ee525b-ff85-4490-9bed-b837298df76f.jpg?im_w=720,https://www.airbnb.co.kr//rooms/36758166?previous_page_section_name=1000&federated_search_id=b95f11bb-4bda-42a6-9b40-b0718da8cb00
빙고호스텔 연남점 - ROOFTOP II,https://a0.muscache.com/im/pictures/3bd874dc-5a86-4c9f-a9da-4565103635c3.jpg?im_w=720,https://www.airbnb.co.kr//rooms/34358948?previous_page_section_name=1000&federated_search_id=b95f11bb-4bda-42a6-9b40-b0718da8cb00
[DayDream #1] 5min☆Hongdae stn/复式公寓/New Open,https://a0.muscache.com/im/pictures/27e97fcc-b773-4a23-9f2a-99f1b7ba2d35.jpg?im_w=720,https://www.airbnb.co.kr//rooms/39351428?previous_page_section_name=1000&federated_search_id=b95f11bb-4bda-42a6-9b40-b0718da8cb00
☆자가격리가능 Quarantine available Spacious flat,https://a0.muscache.com/im/pictures/b788b47f-5147-4238-bb8e-d6e0ab39e56c.jpg?im_w=720,https://www.airbnb.co.kr//rooms/44163650?previous_page_section_name=1000&federated_search_id=b95f11bb-4bda-42a6-9b40-b0718da8cb00
MOMOHO#2 30SEC BY WALK HONGIK STN EXIT1,https://a0.muscache.com/im/pictures/8270bd7d-509c-482f-8acc-9e2f2e8ebbd3.jpg?im_w=720,https://www.airbnb.co.kr//rooms/30259783?previous_page_section_name=1000&federated_search_id=b95f11bb-4bda-42a6-9b40-b0718da8cb00
[DayDream#2]NewOpen/5min-Hongdae stn/Best location,https://a0.muscache.com/im/pictures/aab7322c-466f-49d8-9f5c-6c9fb7f3fa7f.jpg?im_w=720,https://www.airbnb.co.kr//rooms/40049547?previous_page_section_name=1000&federated_search_id=b95f11bb-4bda-42a6-9b40-b0718da8cb00
"모노하우스2호점 디럭스싱글(장기숙박,연남동,연세대,서강대,홍대,전용욕실)",https://a0.muscache.com/im/pictures/a28a92ba-9fe5-4523-9aa4-b3c78089d232.jpg?im_w=720,https://www.airbnb.co.kr//rooms/47381293?previous_page_section_name=1000&federated_search_id=b95f11bb-4bda-42a6-9b40-b0718da8cb00
[매일소독] 100인치 프로젝터 / 홍대6분 / 연트럴 앞/ 예쁜 인테리어 : O&B07,https://a0.muscache.com/im/pictures/90a6f1d9-bee0-472a-a90e-28fc53ae7130.jpg?im_w=720,https://www.airbnb.co.kr//rooms/34447481?previous_page_section_name=1000&federated_search_id=b95f11bb-4bda-42a6-9b40-b0718da8cb00
Newlyopen★★404 Seven house 역에서 단 5분거리!,https://a0.muscache.com/im/pictures/f793f259-1b7a-4d8e-a185-a43d34f91844.jpg?im_w=720,https://www.airbnb.co.kr//rooms/42137290?previous_page_section_name=1000&federated_search_id=b95f11bb-4bda-42a6-9b40-b0718da8cb00
"H11 연남동 감성 house ~장기숙박환영♥ (방역OK, 소독ing)",https://a0.muscache.com/im/pictures/8f692184-830b-4131-adf8-7f5ff201a0c3.jpg?im_w=720,https://www.airbnb.co.kr//rooms/29314153?previous_page_section_name=1000&federated_search_id=b95f11bb-4bda-42a6-9b40-b0718da8cb00
"Hongik Univ.Stn 2mins 도심속 캠핑, 루프탑bbq 연트럴파크,홍대입구역2분",https://a0.muscache.com/im/pictures/c2b845b3-95fe-49bb-84f5-a42ac4a25ccc.jpg?im_w=720,https://www.airbnb.co.kr//rooms/34168629?previous_page_section_name=1000&federated_search_id=b95f11bb-4bda-42a6-9b40-b0718da8cb00
(P2) A spacious Seongsu share house,https://a0.muscache.com/im/pictures/6f848df4-751e-41fc-957b-4544d3092599.jpg?im_w=720,https://www.airbnb.co.kr//rooms/40951842?previous_page_section_name=1000&federated_search_id=b95f11bb-4bda-42a6-9b40-b0718da8cb00
★New Open★Hongik Univ Stn❤️엠블리하우스❤️#다락방 #7th room,https://a0.muscache.com/im/pictures/7cc31c83-d1e4-47a5-83f1-3f211473ff24.jpg?im_w=720,https://www.airbnb.co.kr//rooms/33985163?previous_page_section_name=1000&federated_search_id=b95f11bb-4bda-42a6-9b40-b0718da8cb00
"(장기숙박,홍대,신촌,서강대,연세대,홍익대) 편안하고 아늑하며 안전한 숙소",https://a0.muscache.com/im/pictures/1a157dbf-962e-4f5b-aff0-eac37ec39c02.jpg?im_w=720,https://www.airbnb.co.kr//rooms/45091286?previous_page_section_name=1000&federated_search_id=b95f11bb-4bda-42a6-9b40-b0718da8cb00
"[사슴, 한강뷰] 한강이 보이는 그린&그레이 톤의 방",https://a0.muscache.com/im/pictures/a7ee5abb-e6c0-4abe-beb9-ad63e2c43e38.jpg?im_w=720,https://www.airbnb.co.kr//rooms/26545398?previous_page_section_name=1000&federated_search_id=b95f11bb-4bda-42a6-9b40-b0718da8cb00
2Mins from Ewha subway Station(#이대역 #Woman only),https://a0.muscache.com/im/pictures/ff59758b-a95b-467b-ae6c-a0fe2153d21c.jpg?im_w=720,https://www.airbnb.co.kr//rooms/37872908?previous_page_section_name=1000&federated_search_id=b95f11bb-4bda-42a6-9b40-b0718da8cb00
서울 집 (A house in Seoul!!),https://a0.muscache.com/im/pictures/bfe92893-c870-4337-8522-622e45b0b618.jpg?im_w=720,https://www.airbnb.co.kr//rooms/35878598?previous_page_section_name=1000&federated_search_id=b95f11bb-4bda-42a6-9b40-b0718da8cb00
Cozy apartment 5min. from Seoul station by walk,https://a0.muscache.com/im/pictures/53be5463-3846-4a51-98a6-06c68d2c5994.jpg?im_w=720,https://www.airbnb.co.kr//rooms/38107381?previous_page_section_name=1000&federated_search_id=b95f11bb-4bda-42a6-9b40-b0718da8cb00
Newlyopen★★403 Seven house 역에서 단 5분거리!,https://a0.muscache.com/im/pictures/94a8bef0-1222-4fc3-898c-47362cad6b52.jpg?im_w=720,https://www.airbnb.co.kr//rooms/42137474?previous_page_section_name=1000&federated_search_id=b95f11bb-4bda-42a6-9b40-b0718da8cb00
[SUBWAY 3MIN] 신방화 [406]김포공항10분,https://a0.muscache.com/im/pictures/c5c02bb1-9b97-4bc9-b9ea-256f10f817e1.jpg?im_w=720,https://www.airbnb.co.kr//rooms/30536450?previous_page_section_name=1000&federated_search_id=420f89b9-ca1e-4e44-bd8f-3410dbfced5d
+1Min HONGIK STN  Best Night View![BIG SALE!!],https://a0.muscache.com/im/pictures/e6723405-82ee-437a-9648-d16ec948dedc.jpg?im_w=720,https://www.airbnb.co.kr//rooms/37188215?previous_page_section_name=1000&federated_search_id=420f89b9-ca1e-4e44-bd8f-3410dbfced5d
현대 레지던스 (Hyundai Residence) 장기 숙박 플랜 트윈룸[2인],https://a0.muscache.com/im/pictures/miso/Hosting-47321627/original/89a788df-cb72-44e4-96a4-f2c5fab02950.jpeg?im_w=720,https://www.airbnb.co.kr//rooms/47321627?previous_page_section_name=1000&federated_search_id=420f89b9-ca1e-4e44-bd8f-3410dbfced5d
"JCNY SEOUL 178A(Hong Dae, Gong Deok, ITaeWon)",https://a0.muscache.com/im/pictures/3581a7b8-9aa3-473c-a487-948a8cb0e5b2.jpg?im_w=720,https://www.airbnb.co.kr//rooms/23740370?previous_page_section_name=1000&federated_search_id=420f89b9-ca1e-4e44-bd8f-3410dbfced5d
"★A Doublebed 역에서 3분 !연트럴 파크  3분""쉐어가능""",https://a0.muscache.com/im/pictures/92df6637-8140-4e18-aaf4-91692589c1da.jpg?im_w=720,https://www.airbnb.co.kr//rooms/40434866?previous_page_section_name=1000&federated_search_id=420f89b9-ca1e-4e44-bd8f-3410dbfced5d
프라이빗 시네마 단독주택 (Cinema House in Hongdae),https://a0.muscache.com/im/pictures/6e9110d8-f28a-4fc9-a648-adbc1db37707.jpg?im_w=720,https://www.airbnb.co.kr//rooms/41516680?previous_page_section_name=1000&federated_search_id=420f89b9-ca1e-4e44-bd8f-3410dbfced5d
★ ★ 장기 환영 할인!! ★★ House H (홍대!코로나 청결 숙소!위생!친절!!),https://a0.muscache.com/im/pictures/c56c2e53-d307-4b5a-bbb9-8e7f65eb9542.jpg?im_w=720,https://www.airbnb.co.kr//rooms/40346035?previous_page_section_name=1000&federated_search_id=420f89b9-ca1e-4e44-bd8f-3410dbfced5d
[Han Riverview]Amazing Dangsan house/Near Hong Dae,https://a0.muscache.com/im/pictures/50f8dd62-2149-4689-bce4-bb46806fcf88.jpg?im_w=720,https://www.airbnb.co.kr//rooms/33915035?previous_page_section_name=1000&federated_search_id=420f89b9-ca1e-4e44-bd8f-3410dbfced5d
Micasa@Seoul:  Seoul & Micasa welcome you!,https://a0.muscache.com/im/pictures/e424292c-7b12-42b2-b674-78dc51c0fc73.jpg?im_w=720,https://www.airbnb.co.kr//rooms/29269120?previous_page_section_name=1000&federated_search_id=420f89b9-ca1e-4e44-bd8f-3410dbfced5d
#3 민트 하우스,https://a0.muscache.com/im/pictures/14712875-f764-4229-946f-d0ed65c69fd9.jpg?im_w=720,https://www.airbnb.co.kr//rooms/25985673?previous_page_section_name=1000&federated_search_id=420f89b9-ca1e-4e44-bd8f-3410dbfced5d
"1942 SEOUL, 5sec Hapjeong ST, @Hongdae",https://a0.muscache.com/im/pictures/9e695e93-4654-45f8-8ed4-2ed307809b4b.jpg?im_w=720,https://www.airbnb.co.kr//rooms/40978048?previous_page_section_name=1000&federated_search_id=420f89b9-ca1e-4e44-bd8f-3410dbfced5d
Enjoy RealSeoul! 1min public transit/Gourmet Dist.,https://a0.muscache.com/im/pictures/6980b8c8-4bf4-4a90-a141-77cd5c10b3a5.jpg?im_w=720,https://www.airbnb.co.kr//rooms/35354622?previous_page_section_name=1000&federated_search_id=420f89b9-ca1e-4e44-bd8f-3410dbfced5d
★ ★ 홍대6번출구책거리공원길 ★★ House F6 (홍대역6번출구!5분거리!),https://a0.muscache.com/im/pictures/a6a55fd6-ae61-4b1d-9403-5c21eb0e68a7.jpg?im_w=720,https://www.airbnb.co.kr//rooms/45807789?previous_page_section_name=1000&federated_search_id=420f89b9-ca1e-4e44-bd8f-3410dbfced5d
come and get some rest @Hapjeong/Mangwon,https://a0.muscache.com/im/pictures/d394c0ef-142f-4b08-9eeb-75240921693b.jpg?im_w=720,https://www.airbnb.co.kr//rooms/18683530?previous_page_section_name=1000&federated_search_id=420f89b9-ca1e-4e44-bd8f-3410dbfced5d
★Cozy A House★ 독립된 숙소! 넷플릭스!,https://a0.muscache.com/im/pictures/b897bff5-0e18-4a7f-903d-3eb2c63a68d4.jpg?im_w=720,https://www.airbnb.co.kr//rooms/20564755?previous_page_section_name=1000&federated_search_id=420f89b9-ca1e-4e44-bd8f-3410dbfced5d
[위클리&먼슬리 맨션]#2 망원동/홍대/합정/마포구청역/한강/망원시장/상암동,https://a0.muscache.com/im/pictures/2599fa5e-239d-4713-a5f9-3ea76e063857.jpg?im_w=720,https://www.airbnb.co.kr//rooms/44384484?previous_page_section_name=1000&federated_search_id=420f89b9-ca1e-4e44-bd8f-3410dbfced5d
Twin Room,https://a0.muscache.com/im/pictures/bd3a6630-0a14-43c1-a5c6-9800f8828497.jpg?im_w=720,https://www.airbnb.co.kr//rooms/30924186?previous_page_section_name=1000&federated_search_id=420f89b9-ca1e-4e44-bd8f-3410dbfced5d
애플트리게스트 하우스(트윈),https://a0.muscache.com/im/pictures/79642447/23c640e4_original.jpg?im_w=720,https://www.airbnb.co.kr//rooms/4789133?previous_page_section_name=1000&federated_search_id=420f89b9-ca1e-4e44-bd8f-3410dbfced5d
"홍대 코코아게스트하우스(싱글룸) / 무료 조식,WiFi",https://a0.muscache.com/im/pictures/0d4597a3-fb02-4d04-b23c-5ea6c9717682.jpg?im_w=720,https://www.airbnb.co.kr//rooms/21639566?previous_page_section_name=1000&federated_search_id=420f89b9-ca1e-4e44-bd8f-3410dbfced5d
[빈방 4호점] 리모델링 신축 이태원역 도보5분,https://a0.muscache.com/im/pictures/98e209ce-4397-4e6e-94f5-c16ace7290d6.jpg?im_w=720,https://www.airbnb.co.kr//rooms/40686268?previous_page_section_name=1000&federated_search_id=420f89b9-ca1e-4e44-bd8f-3410dbfced5d
"[ 연남동 넓은 루프탑 ] 첫번째, 스테이연남 / 셀프체크인",https://a0.muscache.com/im/pictures/62fbc05b-66d9-49b2-a2d7-f6166971495c.jpg?im_w=720,https://www.airbnb.co.kr//rooms/39313752?previous_page_section_name=1000&federated_search_id=c3a5c36d-a4be-454b-a343-8fab6d971536
703 staywith sharinghouse hongdae,https://a0.muscache.com/im/pictures/ffccefec-459a-480e-af83-9a6fa7c675bc.jpg?im_w=720,https://www.airbnb.co.kr//rooms/27949469?previous_page_section_name=1000&federated_search_id=c3a5c36d-a4be-454b-a343-8fab6d971536
#4 민트하우스,https://a0.muscache.com/im/pictures/336df9fb-5093-4972-9056-4f7ce342158d.jpg?im_w=720,https://www.airbnb.co.kr//rooms/29398723?previous_page_section_name=1000&federated_search_id=c3a5c36d-a4be-454b-a343-8fab6d971536
애플트리게스트 하우스(트윈),https://a0.muscache.com/im/pictures/79642447/23c640e4_original.jpg?im_w=720,https://www.airbnb.co.kr//rooms/4789133?previous_page_section_name=1000&federated_search_id=c3a5c36d-a4be-454b-a343-8fab6d971536
[빈방 4호점] 리모델링 신축 이태원역 도보5분,https://a0.muscache.com/im/pictures/98e209ce-4397-4e6e-94f5-c16ace7290d6.jpg?im_w=720,https://www.airbnb.co.kr//rooms/40686268?previous_page_section_name=1000&federated_search_id=c3a5c36d-a4be-454b-a343-8fab6d971536
"Quiet, Stylish neighborhood, 7min Hongik Uni stn.",https://a0.muscache.com/im/pictures/10b6f3ce-8e7a-4c1c-9153-5c22527c7730.jpg?im_w=720,https://www.airbnb.co.kr//rooms/38422166?previous_page_section_name=1000&federated_search_id=c3a5c36d-a4be-454b-a343-8fab6d971536
+1Min HONGIK STN CoZy & Best view[BIG SALE!!],https://a0.muscache.com/im/pictures/69206ce5-4c4c-42c9-8188-9d0bb34ba3c3.jpg?im_w=720,https://www.airbnb.co.kr//rooms/37187953?previous_page_section_name=1000&federated_search_id=c3a5c36d-a4be-454b-a343-8fab6d971536
"Casa Mangwon #2 (까사망원 #2), 망원시장 망리단길 근처",https://a0.muscache.com/im/pictures/7d3f5f1f-f017-4491-9358-63fe44cabf6c.jpg?im_w=720,https://www.airbnb.co.kr//rooms/43447400?previous_page_section_name=1000&federated_search_id=c3a5c36d-a4be-454b-a343-8fab6d971536
"나무, 구름, 하늘 [독채]",https://a0.muscache.com/im/pictures/miso/Hosting-44627918/original/9a2ec2eb-8090-47ee-9b53-61c075f3e729.png?im_w=720,https://www.airbnb.co.kr//rooms/44627918?previous_page_section_name=1000&federated_search_id=c3a5c36d-a4be-454b-a343-8fab6d971536
"★ 2Min from Subway station,이대역★(only woman)",https://a0.muscache.com/im/pictures/d2127157-e65e-46e4-84c9-cce23e8b4ca4.jpg?im_w=720,https://www.airbnb.co.kr//rooms/37862165?previous_page_section_name=1000&federated_search_id=c3a5c36d-a4be-454b-a343-8fab6d971536
자가격리#D#Hongdae#Whole house#2Room&2QBed#Min,https://a0.muscache.com/im/pictures/160228d3-78ce-4664-8294-4ab09b54aecc.jpg?im_w=720,https://www.airbnb.co.kr//rooms/46650528?previous_page_section_name=1000&federated_search_id=c3a5c36d-a4be-454b-a343-8fab6d971536
"나무, 새, 고양이 [독채]",https://a0.muscache.com/im/pictures/miso/Hosting-43124823/original/49fd87ac-bf86-4ea0-9375-b233e898e0dd.png?im_w=720,https://www.airbnb.co.kr//rooms/43124823?previous_page_section_name=1000&federated_search_id=c3a5c36d-a4be-454b-a343-8fab6d971536
"누상스튜디오(서촌,경복궁)",https://a0.muscache.com/im/pictures/481a70e5-74d1-430f-bddc-4b57fe72cab3.jpg?im_w=720,https://www.airbnb.co.kr//rooms/32676294?previous_page_section_name=1000&federated_search_id=c3a5c36d-a4be-454b-a343-8fab6d971536
♥Fave201♥Helloworld Studio★Newly open,https://a0.muscache.com/im/pictures/dc1c4026-23b8-4c8b-90df-936cf7709817.jpg?im_w=720,https://www.airbnb.co.kr//rooms/34336449?previous_page_section_name=1000&federated_search_id=c3a5c36d-a4be-454b-a343-8fab6d971536
Newlyopen★301weetCheese★역에서 단 5분거리!,https://a0.muscache.com/im/pictures/miso/Hosting-27511922/original/0bda0e26-9a6c-4f5f-85e8-2af999b23b85.jpeg?im_w=720,https://www.airbnb.co.kr//rooms/27511922?previous_page_section_name=1000&federated_search_id=c3a5c36d-a4be-454b-a343-8fab6d971536
D.dutch's Cozy house(Hongdae main str.!!),https://a0.muscache.com/im/pictures/2fef7f1b-dc66-44d0-8ea0-50315e914d3f.jpg?im_w=720,https://www.airbnb.co.kr//rooms/39220474?previous_page_section_name=1000&federated_search_id=c3a5c36d-a4be-454b-a343-8fab6d971536
"7#Amazing view#Han River#2min subway Line(2,9)",https://a0.muscache.com/im/pictures/miso/Hosting-43084054/original/5c495245-ee68-43e5-a496-f75c751e48dc.jpeg?im_w=720,https://www.airbnb.co.kr//rooms/43084054?previous_page_section_name=1000&federated_search_id=c3a5c36d-a4be-454b-a343-8fab6d971536
"♥BEST ROOM♥ 당산역 도보 1분, 홍대, 합정, 여의도 5분 :)",https://a0.muscache.com/im/pictures/8ba15f44-67e1-46a1-a567-ac494ec5faf6.jpg?im_w=720,https://www.airbnb.co.kr//rooms/24738278?previous_page_section_name=1000&federated_search_id=c3a5c36d-a4be-454b-a343-8fab6d971536
"홍대입구역 5분거리, 홍대에서 한 달 살아보기(남성전용)",https://a0.muscache.com/im/pictures/c971e930-61af-4a79-8b4a-9b618ef9ab37.jpg?im_w=720,https://www.airbnb.co.kr//rooms/45182168?previous_page_section_name=1000&federated_search_id=c3a5c36d-a4be-454b-a343-8fab6d971536
4# ★OPEN SALE★ Hongik Station Exit no.4 walk 5min,https://a0.muscache.com/im/pictures/eca10648-8779-4fc6-a0f1-80ea0557acd8.jpg?im_w=720,https://www.airbnb.co.kr//rooms/47298682?previous_page_section_name=1000&federated_search_id=c3a5c36d-a4be-454b-a343-8fab6d971536
애플트리게스트 하우스(트윈),https://a0.muscache.com/im/pictures/79642447/23c640e4_original.jpg?im_w=720,https://www.airbnb.co.kr//rooms/4789133?previous_page_section_name=1000&federated_search_id=a85c9467-00df-4c0f-8b3f-acd5a1fa555e
6#Dean House-Hongik Station Exit no.6 walk 4-5min,https://a0.muscache.com/im/pictures/c120e323-6d83-4803-8c65-25b7512dcbc6.jpg?im_w=720,https://www.airbnb.co.kr//rooms/34523750?previous_page_section_name=1000&federated_search_id=a85c9467-00df-4c0f-8b3f-acd5a1fa555e
"Long-term stay near Yonsei Uni, Sinchon Station",https://a0.muscache.com/im/pictures/223f3b28-d9a7-43df-b8b8-92931e0a4ea1.jpg?im_w=720,https://www.airbnb.co.kr//rooms/45471355?previous_page_section_name=1000&federated_search_id=a85c9467-00df-4c0f-8b3f-acd5a1fa555e
Newlyopen★202Sweetcheese★역에서 5분,https://a0.muscache.com/im/pictures/223038fe-4293-4b2a-89ac-66e0e4bd6e17.jpg?im_w=720,https://www.airbnb.co.kr//rooms/34024649?previous_page_section_name=1000&federated_search_id=a85c9467-00df-4c0f-8b3f-acd5a1fa555e
RENEWAL #1 Panoramic View Near Hongdae-막힘없는 초고층뷰,https://a0.muscache.com/im/pictures/75244c26-80d8-4a89-bbc0-e9be9fb39318.jpg?im_w=720,https://www.airbnb.co.kr//rooms/39346855?previous_page_section_name=1000&federated_search_id=a85c9467-00df-4c0f-8b3f-acd5a1fa555e
"모노하우스홍대 5호점 디럭스싱글(장기숙박,경의선숲길,연남동)",https://a0.muscache.com/im/pictures/49029eec-cb66-47ae-b248-bea7f0f26907.jpg?im_w=720,https://www.airbnb.co.kr//rooms/43346744?previous_page_section_name=1000&federated_search_id=a85c9467-00df-4c0f-8b3f-acd5a1fa555e
"a place where one can rest quietly
연남동, 조용한 휴식처",https://a0.muscache.com/im/pictures/1a69307c-7bc1-466e-9caa-fa836cfb4f08.jpg?im_w=720,https://www.airbnb.co.kr//rooms/42366099?previous_page_section_name=1000&federated_search_id=a85c9467-00df-4c0f-8b3f-acd5a1fa555e
Single room w/private bathroom in Hongdae #5,https://a0.muscache.com/im/pictures/miso/Hosting-19044195/original/79aae373-ec11-4ef5-957b-fcd7e3092675.jpeg?im_w=720,https://www.airbnb.co.kr//rooms/19044195?previous_page_section_name=1000&federated_search_id=a85c9467-00df-4c0f-8b3f-acd5a1fa555e
★ ★밝은채광넓은공간(더블침대3개) 홍대메인 걷고싶은 거리 ★★홍대역8번출구 5분거리 C3,https://a0.muscache.com/im/pictures/3310a7e5-9354-4374-be4a-5b957b8fe637.jpg?im_w=720,https://www.airbnb.co.kr//rooms/45804474?previous_page_section_name=1000&federated_search_id=a85c9467-00df-4c0f-8b3f-acd5a1fa555e
Newlyopen★301weetCheese★역에서 단 5분거리!,https://a0.muscache.com/im/pictures/miso/Hosting-27511922/original/0bda0e26-9a6c-4f5f-85e8-2af999b23b85.jpeg?im_w=720,https://www.airbnb.co.kr//rooms/27511922?previous_page_section_name=1000&federated_search_id=a85c9467-00df-4c0f-8b3f-acd5a1fa555e
[NEW]19층 가심비갑 씨티뷰!/조용하고깨끗한신축숙소/공덕역도보3분/최고가성비,https://a0.muscache.com/im/pictures/23480a24-34d4-430d-ba8c-bc1891e4f8a1.jpg?im_w=720,https://www.airbnb.co.kr//rooms/43359570?previous_page_section_name=1000&federated_search_id=a85c9467-00df-4c0f-8b3f-acd5a1fa555e
#2 제리네 호미스튜디오,https://a0.muscache.com/im/pictures/f4f50456-3725-495a-9120-b8c7e62bbfc3.jpg?im_w=720,https://www.airbnb.co.kr//rooms/46937825?previous_page_section_name=1000&federated_search_id=a85c9467-00df-4c0f-8b3f-acd5a1fa555e
2min by walk from Hongik stn] O'Great house BP2,https://a0.muscache.com/im/pictures/21907218-bfc6-4f5b-89b8-809ad882d42a.jpg?im_w=720,https://www.airbnb.co.kr//rooms/35255371?previous_page_section_name=1000&federated_search_id=a85c9467-00df-4c0f-8b3f-acd5a1fa555e
현대 레지던스 (Hyundai Residence) 장기 숙박 플랜 트윈룸[2인] 2,https://a0.muscache.com/im/pictures/miso/Hosting-47321627/original/89a788df-cb72-44e4-96a4-f2c5fab02950.jpeg?im_w=720,https://www.airbnb.co.kr//rooms/47377866?previous_page_section_name=1000&federated_search_id=a85c9467-00df-4c0f-8b3f-acd5a1fa555e
3. HH's house #Han river view #Mapo St. 1min #Cozy,https://a0.muscache.com/im/pictures/ebb7e6ac-8716-44ec-b7c5-7a2f769c988e.jpg?im_w=720,https://www.airbnb.co.kr//rooms/43074691?previous_page_section_name=1000&federated_search_id=a85c9467-00df-4c0f-8b3f-acd5a1fa555e
Private terrace! 3mins from AREX station.,https://a0.muscache.com/im/pictures/46cc4b6d-4fe9-4bce-8762-d0c33f1486c8.jpg?im_w=720,https://www.airbnb.co.kr//rooms/4619104?previous_page_section_name=1000&federated_search_id=a85c9467-00df-4c0f-8b3f-acd5a1fa555e
[Bunker.k1]Private House.Mapo/사진감성Good!/Cozy room,https://a0.muscache.com/im/pictures/miso/Hosting-45389866/original/4781fbfa-465e-4a1b-a6c9-7955bccc2d5f.jpeg?im_w=720,https://www.airbnb.co.kr//rooms/45389866?previous_page_section_name=1000&federated_search_id=a85c9467-00df-4c0f-8b3f-acd5a1fa555e
+1Min HONGIK STN CoZy & Best view[BIG SALE!!],https://a0.muscache.com/im/pictures/69206ce5-4c4c-42c9-8188-9d0bb34ba3c3.jpg?im_w=720,https://www.airbnb.co.kr//rooms/37187953?previous_page_section_name=1000&federated_search_id=a85c9467-00df-4c0f-8b3f-acd5a1fa555e
Micasa@Seoul:  Seoul & Micasa welcome you!,https://a0.muscache.com/im/pictures/e424292c-7b12-42b2-b674-78dc51c0fc73.jpg?im_w=720,https://www.airbnb.co.kr//rooms/29269120?previous_page_section_name=1000&federated_search_id=a85c9467-00df-4c0f-8b3f-acd5a1fa555e
1. HH's house #Han river view #Mapo St. 1min #Cozy,https://a0.muscache.com/im/pictures/837b45e7-1f44-4bf8-8042-9c3ad252874c.jpg?im_w=720,https://www.airbnb.co.kr//rooms/40332217?previous_page_section_name=1000&federated_search_id=a85c9467-00df-4c0f-8b3f-acd5a1fa555e
"Your beautiful long term nest, cosy & memorable",https://a0.muscache.com/im/pictures/948b432a-747f-4365-b894-156a975631c5.jpg?im_w=720,https://www.airbnb.co.kr//rooms/9964896?previous_page_section_name=1000&federated_search_id=6f1126d9-a3f6-428b-8038-1632d96fcacf
♥️NEAR HONGDAE♥️HanRiverVIEW♥️1min walking at station,https://a0.muscache.com/im/pictures/e8611d63-eff8-4e8a-a981-a16e82eafb84.jpg?im_w=720,https://www.airbnb.co.kr//rooms/42336095?previous_page_section_name=1000&federated_search_id=6f1126d9-a3f6-428b-8038-1632d96fcacf
[NEW]19층 가심비갑 씨티뷰!/조용하고깨끗한신축숙소/공덕역도보3분/최고가성비,https://a0.muscache.com/im/pictures/23480a24-34d4-430d-ba8c-bc1891e4f8a1.jpg?im_w=720,https://www.airbnb.co.kr//rooms/43359570?previous_page_section_name=1000&federated_search_id=6f1126d9-a3f6-428b-8038-1632d96fcacf
[Bunker.k3]Private House.Mapo/사진감성Good!/Cozy room,https://a0.muscache.com/im/pictures/77cba94a-b396-447a-a3e2-9dad30ac4d74.jpg?im_w=720,https://www.airbnb.co.kr//rooms/45388131?previous_page_section_name=1000&federated_search_id=6f1126d9-a3f6-428b-8038-1632d96fcacf
#32 Sinchon Sta 2mins Hongdae 8mins Blue Mansion,https://a0.muscache.com/im/pictures/202f2d50-4c7e-41a9-9198-b775f2a20079.jpg?im_w=720,https://www.airbnb.co.kr//rooms/41948409?previous_page_section_name=1000&federated_search_id=6f1126d9-a3f6-428b-8038-1632d96fcacf
612 Staywith  hongdae Twin bed room,https://a0.muscache.com/im/pictures/ffccefec-459a-480e-af83-9a6fa7c675bc.jpg?im_w=720,https://www.airbnb.co.kr//rooms/28087230?previous_page_section_name=1000&federated_search_id=6f1126d9-a3f6-428b-8038-1632d96fcacf
★OPENSALE★Hongdae&Hapjeong high river veiw studio,https://a0.muscache.com/im/pictures/c5fc8b22-a441-42cd-abaf-4542801ff4d9.jpg?im_w=720,https://www.airbnb.co.kr//rooms/42367800?previous_page_section_name=1000&federated_search_id=6f1126d9-a3f6-428b-8038-1632d96fcacf
"명동.남산이 보이는집.도심속팬션!!루프탑이용 
hyojung house",https://a0.muscache.com/im/pictures/85bb49a0-a8d9-4c80-83f7-cda65d0f9aaa.jpg?im_w=720,https://www.airbnb.co.kr//rooms/18569686?previous_page_section_name=1000&federated_search_id=6f1126d9-a3f6-428b-8038-1632d96fcacf
19F-Double House,https://a0.muscache.com/im/pictures/1e17a79c-e665-4fba-81fa-aaa8bec9b541.jpg?im_w=720,https://www.airbnb.co.kr//rooms/44050597?previous_page_section_name=1000&federated_search_id=6f1126d9-a3f6-428b-8038-1632d96fcacf
[💕#2] 5min Hongik Stn/ Forest Park COZY house!!,https://a0.muscache.com/im/pictures/252981dc-d353-407a-a2fc-5a08c99307ec.jpg?im_w=720,https://www.airbnb.co.kr//rooms/46225379?previous_page_section_name=1000&federated_search_id=6f1126d9-a3f6-428b-8038-1632d96fcacf
Hong ik univ. 'Maxmini-um' designed by Architect,https://a0.muscache.com/im/pictures/4cb94020-f4a7-4cfc-9841-d96013a11e37.jpg?im_w=720,https://www.airbnb.co.kr//rooms/18793625?previous_page_section_name=1000&federated_search_id=6f1126d9-a3f6-428b-8038-1632d96fcacf
[홍대역1번출구] 앤틱스타일 더블룸(2인실) 103호,https://a0.muscache.com/im/pictures/f207bba2-02cf-4466-b3b7-353e00bc4fb0.jpg?im_w=720,https://www.airbnb.co.kr//rooms/45244759?previous_page_section_name=1000&federated_search_id=6f1126d9-a3f6-428b-8038-1632d96fcacf
"공기좋고 조용하며 홍대,신촌 차로5분거리..",https://a0.muscache.com/im/pictures/c122dc68-7344-4882-8db8-fc39e624ed79.jpg?im_w=720,https://www.airbnb.co.kr//rooms/43901778?previous_page_section_name=1000&federated_search_id=6f1126d9-a3f6-428b-8038-1632d96fcacf
♥Fave203♥Helloworld Studio★Newly open,https://a0.muscache.com/im/pictures/62e91e88-5291-4825-8b6a-2cb69942faa2.jpg?im_w=720,https://www.airbnb.co.kr//rooms/34336471?previous_page_section_name=1000&federated_search_id=6f1126d9-a3f6-428b-8038-1632d96fcacf
(NEW) 홍대 중심에 위치한 감각적인 복층 스튜디오,https://a0.muscache.com/im/pictures/a7f07e36-bfdb-4061-8181-2c2b0a1bd846.jpg?im_w=720,https://www.airbnb.co.kr//rooms/32584027?previous_page_section_name=1000&federated_search_id=6f1126d9-a3f6-428b-8038-1632d96fcacf
★ ★ 장기 환영 할인!! ★★ House V (홍대!코로나극복청결!위생!친절!!),https://a0.muscache.com/im/pictures/a68fedd1-eefe-4783-a63e-3ae446e39d36.jpg?im_w=720,https://www.airbnb.co.kr//rooms/34258664?previous_page_section_name=1000&federated_search_id=6f1126d9-a3f6-428b-8038-1632d96fcacf
712 Staywith hongdae Twin bed room,https://a0.muscache.com/im/pictures/ffccefec-459a-480e-af83-9a6fa7c675bc.jpg?im_w=720,https://www.airbnb.co.kr//rooms/38145484?previous_page_section_name=1000&federated_search_id=6f1126d9-a3f6-428b-8038-1632d96fcacf
#4 Connected to Mapo Stn./HAN River view/Hongdae,https://a0.muscache.com/im/pictures/9a30b084-8531-4536-9f06-91e335738b5e.jpg?im_w=720,https://www.airbnb.co.kr//rooms/18956008?previous_page_section_name=1000&federated_search_id=6f1126d9-a3f6-428b-8038-1632d96fcacf
J-1韓国ソウル新村站 1인단독 자가격리 自己隔離 自我隔离 Self-isolation,https://a0.muscache.com/im/pictures/6f9c6fe3-87fa-4829-b58a-8d84ef80e8ef.jpg?im_w=720,https://www.airbnb.co.kr//rooms/45259471?previous_page_section_name=1000&federated_search_id=6f1126d9-a3f6-428b-8038-1632d96fcacf
[홍대역5분] 쾌적한 더블룸/개별욕실 (2인실),https://a0.muscache.com/im/pictures/827731e3-394b-4cff-a42f-f81fc6b206dd.jpg?im_w=720,https://www.airbnb.co.kr//rooms/43136736?previous_page_section_name=1000&federated_search_id=6f1126d9-a3f6-428b-8038-1632d96fcacf
Single room w/private bathroom in Hongdae #6,https://a0.muscache.com/im/pictures/miso/Hosting-19044503/original/b3b7105a-e00f-45b3-ad9d-dcc1da9736be.jpeg?im_w=720,https://www.airbnb.co.kr//rooms/19044503?previous_page_section_name=1000&federated_search_id=c51e11cd-34e2-4ddc-9687-e46731431f92
[버틀러:리 서울점] 쾌적한 싱글룸/개별욕실 (1인실),https://a0.muscache.com/im/pictures/6c25a54b-7805-471b-8290-00506164ed54.jpg?im_w=720,https://www.airbnb.co.kr//rooms/43143385?previous_page_section_name=1000&federated_search_id=c51e11cd-34e2-4ddc-9687-e46731431f92
Expansion full option/4minutes station/New lunched,https://a0.muscache.com/im/pictures/miso/Hosting-45963129/original/ff948156-a05b-45be-b5f1-f20bfdb4e446.jpeg?im_w=720,https://www.airbnb.co.kr//rooms/47520778?previous_page_section_name=1000&federated_search_id=c51e11cd-34e2-4ddc-9687-e46731431f92
DODO House shinchon,https://a0.muscache.com/im/pictures/498d26f1-0645-43dd-91ef-d8031343eb00.jpg?im_w=720,https://www.airbnb.co.kr//rooms/45660742?previous_page_section_name=1000&federated_search_id=c51e11cd-34e2-4ddc-9687-e46731431f92
[River View]Cozy studio/30Sec Hapjeong Station,https://a0.muscache.com/im/pictures/472d859e-3e53-4794-8fd0-625cb18ba8c4.jpg?im_w=720,https://www.airbnb.co.kr//rooms/47793480?previous_page_section_name=1000&federated_search_id=c51e11cd-34e2-4ddc-9687-e46731431f92
KOO House Seoul/Hongdae/Yeouido,https://a0.muscache.com/im/pictures/c448d8f3-3c31-4119-b69f-80f251621f94.jpg?im_w=720,https://www.airbnb.co.kr//rooms/12483669?previous_page_section_name=1000&federated_search_id=c51e11cd-34e2-4ddc-9687-e46731431f92
[디어옐로우]3mins Hongdae Stn!2 Bed rooms! Free wifi!,https://a0.muscache.com/im/pictures/6a3bc58e-ff34-4acc-b986-8516a996d708.jpg?im_w=720,https://www.airbnb.co.kr//rooms/34761907?previous_page_section_name=1000&federated_search_id=c51e11cd-34e2-4ddc-9687-e46731431f92
"Long-term stay near Yonsei Uni, Sinchon Station",https://a0.muscache.com/im/pictures/223f3b28-d9a7-43df-b8b8-92931e0a4ea1.jpg?im_w=720,https://www.airbnb.co.kr//rooms/45471355?previous_page_section_name=1000&federated_search_id=c51e11cd-34e2-4ddc-9687-e46731431f92
"Cozy_E 홍대역 5분, 조용한 서교동 숙소",https://a0.muscache.com/im/pictures/b5e1c5ca-c25b-4742-b8af-e8bb6009dd2d.jpg?im_w=720,https://www.airbnb.co.kr//rooms/43074952?previous_page_section_name=1000&federated_search_id=c51e11cd-34e2-4ddc-9687-e46731431f92
홍대입구역 가성비 최고 1인 주거공간 01,https://a0.muscache.com/im/pictures/b15328b9-7798-48ac-a49b-9480f451b4d5.jpg?im_w=720,https://www.airbnb.co.kr//rooms/46819811?previous_page_section_name=1000&federated_search_id=c51e11cd-34e2-4ddc-9687-e46731431f92
[HongDea/DMC] PlutoART Single Room,https://a0.muscache.com/im/pictures/201ededa-ab2c-4822-9425-d40bb47a0c7a.jpg?im_w=720,https://www.airbnb.co.kr//rooms/27879891?previous_page_section_name=1000&federated_search_id=c51e11cd-34e2-4ddc-9687-e46731431f92
[SUBWAY 3MIN]화곡 507,https://a0.muscache.com/im/pictures/dba68437-a5ef-4b30-804b-ea684b838987.jpg?im_w=720,https://www.airbnb.co.kr//rooms/40872779?previous_page_section_name=1000&federated_search_id=c51e11cd-34e2-4ddc-9687-e46731431f92
서강대 깨끗한 방-1 Clean room for foreigners Sogang Univ.,https://a0.muscache.com/im/pictures/67895bdb-6749-47dd-8d1d-3fb4e79a6a19.jpg?im_w=720,https://www.airbnb.co.kr//rooms/44326108?previous_page_section_name=1000&federated_search_id=c51e11cd-34e2-4ddc-9687-e46731431f92
(T3)Best location in hongdea [Near station],https://a0.muscache.com/im/pictures/26707d15-86f9-428d-9e8c-6cc71ee8cc78.jpg?im_w=720,https://www.airbnb.co.kr//rooms/32492413?previous_page_section_name=1000&federated_search_id=c51e11cd-34e2-4ddc-9687-e46731431f92
#OPEN SALE# FREE WIFI EGG & Luggage Keeping,https://a0.muscache.com/im/pictures/218da844-f303-4d8a-9c80-e5da3d377810.jpg?im_w=720,https://www.airbnb.co.kr//rooms/19594575?previous_page_section_name=1000&federated_search_id=c51e11cd-34e2-4ddc-9687-e46731431f92
"1942 SEOUL, 5sec Hapjeong ST, @Hongdae",https://a0.muscache.com/im/pictures/9e695e93-4654-45f8-8ed4-2ed307809b4b.jpg?im_w=720,https://www.airbnb.co.kr//rooms/40978048?previous_page_section_name=1000&federated_search_id=c51e11cd-34e2-4ddc-9687-e46731431f92
Dorothy House,https://a0.muscache.com/im/pictures/323a81da-e7d1-4bcd-a380-1fdb425ef216.jpg?im_w=720,https://www.airbnb.co.kr//rooms/21705098?previous_page_section_name=1000&federated_search_id=c51e11cd-34e2-4ddc-9687-e46731431f92
new green room,https://a0.muscache.com/im/pictures/648f37a2-95c4-4b63-8bbd-c42e7dc9dbee.jpg?im_w=720,https://www.airbnb.co.kr//rooms/19501857?previous_page_section_name=1000&federated_search_id=c51e11cd-34e2-4ddc-9687-e46731431f92
"#Near Hongdae, Hapjeong #TOP Cleanness #NETFLIX",https://a0.muscache.com/im/pictures/9e53984c-a934-41eb-917c-bb08da3ac50f.jpg?im_w=720,https://www.airbnb.co.kr//rooms/31723202?previous_page_section_name=1000&federated_search_id=c51e11cd-34e2-4ddc-9687-e46731431f92
"[Dormitory] Clean, Affordable, 7min from Station",https://a0.muscache.com/im/pictures/f9fa9502-ae10-4083-838c-37f0eaa46d25.jpg?im_w=720,https://www.airbnb.co.kr//rooms/43765077?previous_page_section_name=1000&federated_search_id=c51e11cd-34e2-4ddc-9687-e46731431f92
[Netflix] 영등포 타임스퀘어뷰와 함께하는 Jerry's House,https://a0.muscache.com/im/pictures/13a1dbaa-1c09-4c16-a78d-945da0e6121b.jpg?im_w=720,https://www.airbnb.co.kr//rooms/45916459?previous_page_section_name=1000&federated_search_id=333410f1-dc62-49d2-959a-8d5215d70d97
[Moonlight above the Han river] 한강뷰와 네온사인&바테이블,https://a0.muscache.com/im/pictures/c9c92beb-00a0-499e-a45e-c032610fd33d.jpg?im_w=720,https://www.airbnb.co.kr//rooms/34139857?previous_page_section_name=1000&federated_search_id=333410f1-dc62-49d2-959a-8d5215d70d97
[Free Pocket Wi-Fi] 별이 빛나는 밤_최고의 한강뷰와 함께 힐링하세요 :),https://a0.muscache.com/im/pictures/7ee11820-01f6-489d-ba66-9a050e51f310.jpg?im_w=720,https://www.airbnb.co.kr//rooms/21329881?previous_page_section_name=1000&federated_search_id=333410f1-dc62-49d2-959a-8d5215d70d97
Single A with private bathroom,https://a0.muscache.com/im/pictures/808de367-e62a-4afa-9393-6b2d5889678f.jpg?im_w=720,https://www.airbnb.co.kr//rooms/46868202?previous_page_section_name=1000&federated_search_id=333410f1-dc62-49d2-959a-8d5215d70d97
"H Cozy House 203-1min to Hongik Uni, freewifi",https://a0.muscache.com/im/pictures/ee538484-8888-405d-a0d8-fefa822bcf2a.jpg?im_w=720,https://www.airbnb.co.kr//rooms/40389614?previous_page_section_name=1000&federated_search_id=333410f1-dc62-49d2-959a-8d5215d70d97
511 Staywith hongdae single room,https://a0.muscache.com/im/pictures/ffccefec-459a-480e-af83-9a6fa7c675bc.jpg?im_w=720,https://www.airbnb.co.kr//rooms/40973935?previous_page_section_name=1000&federated_search_id=333410f1-dc62-49d2-959a-8d5215d70d97
★NEW★ [Clean studio 6] 넷플릭스 / 자가격리 가능,https://a0.muscache.com/im/pictures/38a59739-b766-4457-8f4b-345db130728e.jpg?im_w=720,https://www.airbnb.co.kr//rooms/45857513?previous_page_section_name=1000&federated_search_id=333410f1-dc62-49d2-959a-8d5215d70d97
SERENITY 1,https://a0.muscache.com/im/pictures/e5af31c2-6700-403f-9cbc-41a02c426169.jpg?im_w=720,https://www.airbnb.co.kr//rooms/38205166?previous_page_section_name=1000&federated_search_id=333410f1-dc62-49d2-959a-8d5215d70d97
K-2首尔新村站 1인단독 자가격리 自己隔離 自我隔离 Self-isolation,https://a0.muscache.com/im/pictures/6a05f1be-9c90-4995-9c26-3983a22115e9.jpg?im_w=720,https://www.airbnb.co.kr//rooms/46880392?previous_page_section_name=1000&federated_search_id=333410f1-dc62-49d2-959a-8d5215d70d97
"Cozy_N 홍대역 5분, 조용한 서교동 숙소",https://a0.muscache.com/im/pictures/37a7ad1a-543f-409d-a88c-22d6a465f3ce.jpg?im_w=720,https://www.airbnb.co.kr//rooms/43089703?previous_page_section_name=1000&federated_search_id=333410f1-dc62-49d2-959a-8d5215d70d97
* Stylish New Studio * Best location & Clean,https://a0.muscache.com/im/pictures/823d05a8-fca6-49fa-a7ac-54e093258f86.jpg?im_w=720,https://www.airbnb.co.kr//rooms/42426430?previous_page_section_name=1000&federated_search_id=333410f1-dc62-49d2-959a-8d5215d70d97
"[ 평일할인! ] 합정역5초 막힘없는 초고층뷰, 초역세권 최적위치의 복층룸, 장기숙박 할인",https://a0.muscache.com/im/pictures/miso/Hosting-39387525/original/f8f6a842-c121-4ec4-bb1d-2f3637019c3c.jpeg?im_w=720,https://www.airbnb.co.kr//rooms/39387525?previous_page_section_name=1000&federated_search_id=333410f1-dc62-49d2-959a-8d5215d70d97
★Cozy A House★ 독립된 숙소! 넷플릭스!,https://a0.muscache.com/im/pictures/b897bff5-0e18-4a7f-903d-3eb2c63a68d4.jpg?im_w=720,https://www.airbnb.co.kr//rooms/20564755?previous_page_section_name=1000&federated_search_id=333410f1-dc62-49d2-959a-8d5215d70d97
[Bunker.k2]Private House.Mapo/사진감성Good!/Cozy room,https://a0.muscache.com/im/pictures/d2f1a4c0-7f89-4b32-8827-c6b89ff85c0b.jpg?im_w=720,https://www.airbnb.co.kr//rooms/45390196?previous_page_section_name=1000&federated_search_id=333410f1-dc62-49d2-959a-8d5215d70d97
Butler House #1,https://a0.muscache.com/im/pictures/30a9a161-aa55-430d-b1fd-108581d8358c.jpg?im_w=720,https://www.airbnb.co.kr//rooms/28875359?previous_page_section_name=1000&federated_search_id=333410f1-dc62-49d2-959a-8d5215d70d97
cozy mw stay 한강 5분 거리 망원동 마포구,https://a0.muscache.com/im/pictures/3bd3a399-43da-49ed-bf99-44bacab40118.jpg?im_w=720,https://www.airbnb.co.kr//rooms/39047420?previous_page_section_name=1000&federated_search_id=333410f1-dc62-49d2-959a-8d5215d70d97
"NewlyOpen!파티룸,칵테일,와인파티 홍대입구역10초 연트럴파크 30초 무료주차 가능!",https://a0.muscache.com/im/pictures/88d61c43-1d8f-4816-a0a3-e53b464cea0b.jpg?im_w=720,https://www.airbnb.co.kr//rooms/47196283?previous_page_section_name=1000&federated_search_id=333410f1-dc62-49d2-959a-8d5215d70d97
(NEW) 홍대 중심에 위치한 감각적인 복층 스튜디오,https://a0.muscache.com/im/pictures/a7f07e36-bfdb-4061-8181-2c2b0a1bd846.jpg?im_w=720,https://www.airbnb.co.kr//rooms/32584027?previous_page_section_name=1000&federated_search_id=333410f1-dc62-49d2-959a-8d5215d70d97
[City view3]Hongdae cozy room/Hongik univ stn.1min,https://a0.muscache.com/im/pictures/f2ee83f1-6800-4780-a815-5ddb9d86567a.jpg?im_w=720,https://www.airbnb.co.kr//rooms/47763029?previous_page_section_name=1000&federated_search_id=333410f1-dc62-49d2-959a-8d5215d70d97
★ ★ 장기 환영 할인!! ★★ House V (홍대!코로나극복청결!위생!친절!!),https://a0.muscache.com/im/pictures/a68fedd1-eefe-4783-a63e-3ae446e39d36.jpg?im_w=720,https://www.airbnb.co.kr//rooms/34258664?previous_page_section_name=1000&federated_search_id=333410f1-dc62-49d2-959a-8d5215d70d97
"#104 Sinchon Sta 2mins, Hongdae 8mins Blue Mansion",https://a0.muscache.com/im/pictures/c1af34e7-790e-4981-bc5f-598293a3460e.jpg?im_w=720,https://www.airbnb.co.kr//rooms/29940785?previous_page_section_name=1000&federated_search_id=7c8cdef7-5e6a-4b7a-b3f0-a375c492ce14
[City view3]Hongdae cozy room/Hongik univ stn.1min,https://a0.muscache.com/im/pictures/f2ee83f1-6800-4780-a815-5ddb9d86567a.jpg?im_w=720,https://www.airbnb.co.kr//rooms/47763029?previous_page_section_name=1000&federated_search_id=7c8cdef7-5e6a-4b7a-b3f0-a375c492ce14
"♥  소소한 즐거움 감성유닛 TD in 명동 (방역완료, 소독ing)",https://a0.muscache.com/im/pictures/896764dd-ece5-4f91-8ac2-57f01197d161.jpg?im_w=720,https://www.airbnb.co.kr//rooms/40501983?previous_page_section_name=1000&federated_search_id=7c8cdef7-5e6a-4b7a-b3f0-a375c492ce14
"◆Studio type◆비대면체크인, 채광좋은 복층형/공항,홍대,상암 접근성 최고",https://a0.muscache.com/im/pictures/miso/Hosting-46711908/original/c8302942-dd0d-4364-ba3f-3e8051ec5577.jpeg?im_w=720,https://www.airbnb.co.kr//rooms/46711908?previous_page_section_name=1000&federated_search_id=7c8cdef7-5e6a-4b7a-b3f0-a375c492ce14
"합정역 1분거리, 초고층 스카이뷰! 호텔급 레지던스(넷플릭스,유튜브)",https://a0.muscache.com/im/pictures/miso/Hosting-34491594/original/aeec554d-2b06-4031-9645-385bf8f2a5a6.png?im_w=720,https://www.airbnb.co.kr//rooms/34491594?previous_page_section_name=1000&federated_search_id=7c8cdef7-5e6a-4b7a-b3f0-a375c492ce14
◈◈헬로월드 민트스튜디오◈◈#파티#추억#여행#인생샷,https://a0.muscache.com/im/pictures/a236ef1a-155a-4e61-9140-633df60e41bf.jpg?im_w=720,https://www.airbnb.co.kr//rooms/44029155?previous_page_section_name=1000&federated_search_id=7c8cdef7-5e6a-4b7a-b3f0-a375c492ce14
[Open discount]서울역/공항철도 5분거리 서울중심 안락하고 넓은침대 발코니 룸,https://a0.muscache.com/im/pictures/5c51315d-1199-45ff-af82-29221310dbb6.jpg?im_w=720,https://www.airbnb.co.kr//rooms/42455681?previous_page_section_name=1000&federated_search_id=7c8cdef7-5e6a-4b7a-b3f0-a375c492ce14
★New Open★Hongik Univ Stn❤️엠블리하우스❤️#6th room,https://a0.muscache.com/im/pictures/2f004679-3233-4cfd-9d99-c355e4e7b002.jpg?im_w=720,https://www.airbnb.co.kr//rooms/33905056?previous_page_section_name=1000&federated_search_id=7c8cdef7-5e6a-4b7a-b3f0-a375c492ce14
[Free Pocket Wi-Fi] 별이 빛나는 밤_최고의 한강뷰와 함께 힐링하세요 :),https://a0.muscache.com/im/pictures/7ee11820-01f6-489d-ba66-9a050e51f310.jpg?im_w=720,https://www.airbnb.co.kr//rooms/21329881?previous_page_section_name=1000&federated_search_id=7c8cdef7-5e6a-4b7a-b3f0-a375c492ce14
#홍대입구역#hot location/ egg Free [J201],https://a0.muscache.com/im/pictures/7f9aecf3-3f63-4fa0-addd-25bf5b2257aa.jpg?im_w=720,https://www.airbnb.co.kr//rooms/15432976?previous_page_section_name=1000&federated_search_id=7c8cdef7-5e6a-4b7a-b3f0-a375c492ce14
"7#Amazing view#Han River#2min subway Line(2,9)",https://a0.muscache.com/im/pictures/miso/Hosting-43084054/original/5c495245-ee68-43e5-a496-f75c751e48dc.jpeg?im_w=720,https://www.airbnb.co.kr//rooms/43084054?previous_page_section_name=1000&federated_search_id=7c8cdef7-5e6a-4b7a-b3f0-a375c492ce14
Newlyopen★스윗치즈 우드 스튜디오★역에서 5분,https://a0.muscache.com/im/pictures/miso/Hosting-42259329/original/a2dd122c-1e9c-425d-87ef-05ed790d218e.jpeg?im_w=720,https://www.airbnb.co.kr//rooms/42259329?previous_page_section_name=1000&federated_search_id=7c8cdef7-5e6a-4b7a-b3f0-a375c492ce14
"Cozy_O3 홍대역 5분, 조용한 서교동 숙소",https://a0.muscache.com/im/pictures/432453c5-e497-4cb9-8e47-82da1f74432c.jpg?im_w=720,https://www.airbnb.co.kr//rooms/43083785?previous_page_section_name=1000&federated_search_id=7c8cdef7-5e6a-4b7a-b3f0-a375c492ce14
"★ 2Min from Subway station,이대역★(only woman)",https://a0.muscache.com/im/pictures/d2127157-e65e-46e4-84c9-cce23e8b4ca4.jpg?im_w=720,https://www.airbnb.co.kr//rooms/37862165?previous_page_section_name=1000&federated_search_id=7c8cdef7-5e6a-4b7a-b3f0-a375c492ce14
[특가]#RIVERSTAY17 / 한강전망복층아파트,https://a0.muscache.com/im/pictures/c36ab10d-00ff-4332-b0cc-5034399d24a5.jpg?im_w=720,https://www.airbnb.co.kr//rooms/13380543?previous_page_section_name=1000&federated_search_id=7c8cdef7-5e6a-4b7a-b3f0-a375c492ce14
명동역 1번출구 1분거리(쇼핑 중심거리),https://a0.muscache.com/im/pictures/1b8a75fa-d352-4d1e-b18f-f8cb0feb28b0.jpg?im_w=720,https://www.airbnb.co.kr//rooms/47821178?previous_page_section_name=1000&federated_search_id=7c8cdef7-5e6a-4b7a-b3f0-a375c492ce14
[NEW]★홍대역 2분★연트럴파크30초! 개인실! SALE!!,https://a0.muscache.com/im/pictures/ee55c9c5-a690-4bf0-9cf7-e45013b70106.jpg?im_w=720,https://www.airbnb.co.kr//rooms/43864394?previous_page_section_name=1000&federated_search_id=7c8cdef7-5e6a-4b7a-b3f0-a375c492ce14
L1 Presents Heart_5min HongDae STN_(상시 소독중),https://a0.muscache.com/im/pictures/5f257cb5-5217-412e-999c-75555f1b7def.jpg?im_w=720,https://www.airbnb.co.kr//rooms/41570106?previous_page_section_name=1000&federated_search_id=7c8cdef7-5e6a-4b7a-b3f0-a375c492ce14
"Only 2Min from Subway Station(이대역, woman only)",https://a0.muscache.com/im/pictures/1cd6cabf-d66f-4d2e-aa53-c864f395685f.jpg?im_w=720,https://www.airbnb.co.kr//rooms/37862128?previous_page_section_name=1000&federated_search_id=7c8cdef7-5e6a-4b7a-b3f0-a375c492ce14
"Your beautiful long term nest, cosy & memorable",https://a0.muscache.com/im/pictures/948b432a-747f-4365-b894-156a975631c5.jpg?im_w=720,https://www.airbnb.co.kr//rooms/9964896?previous_page_section_name=1000&federated_search_id=7c8cdef7-5e6a-4b7a-b3f0-a375c492ce14
하하네 루프탑 도심속 캠핑하우스,https://a0.muscache.com/im/pictures/miso/Hosting-46703564/original/ee9831f1-6df3-453d-ac7f-2b1f40316467.jpeg?im_w=720,https://www.airbnb.co.kr//rooms/46703564?previous_page_section_name=1000&federated_search_id=10fdd242-1dbf-458f-a738-4e6a08d8310e
#Bigsale #장기투숙#GwanghwamunST(3min)#Myeongdong,https://a0.muscache.com/im/pictures/a4c11c52-c9c0-408d-9a1f-7030668121bc.jpg?im_w=720,https://www.airbnb.co.kr//rooms/42027485?previous_page_section_name=1000&federated_search_id=10fdd242-1dbf-458f-a738-4e6a08d8310e
[독채] 소담스테이: 서울 중심에 위치한 모던 한옥 스테이,https://a0.muscache.com/im/pictures/786b7048-7c82-4203-90f1-3a31e4d38840.jpg?im_w=720,https://www.airbnb.co.kr//rooms/33107858?previous_page_section_name=1000&federated_search_id=10fdd242-1dbf-458f-a738-4e6a08d8310e
"H11 연남동 감성 house ~장기숙박환영♥ (방역OK, 소독ing)",https://a0.muscache.com/im/pictures/8f692184-830b-4131-adf8-7f5ff201a0c3.jpg?im_w=720,https://www.airbnb.co.kr//rooms/29314153?previous_page_section_name=1000&federated_search_id=10fdd242-1dbf-458f-a738-4e6a08d8310e
"모나(Mona)-경복궁,서촌,누상동",https://a0.muscache.com/im/pictures/5b45ee67-c879-4020-b83d-119dc0546b8a.jpg?im_w=720,https://www.airbnb.co.kr//rooms/36570871?previous_page_section_name=1000&federated_search_id=10fdd242-1dbf-458f-a738-4e6a08d8310e
[Open discount]서울역/공항철도 5분거리 서울중심 안락하고 넓은침대 발코니 룸,https://a0.muscache.com/im/pictures/5c51315d-1199-45ff-af82-29221310dbb6.jpg?im_w=720,https://www.airbnb.co.kr//rooms/42455681?previous_page_section_name=1000&federated_search_id=10fdd242-1dbf-458f-a738-4e6a08d8310e
1#Jade House-Hongik Station Exit no.6 walk 4-5min,https://a0.muscache.com/im/pictures/59bf65dd-936c-4cba-959a-14629a9afd35.jpg?im_w=720,https://www.airbnb.co.kr//rooms/28511487?previous_page_section_name=1000&federated_search_id=10fdd242-1dbf-458f-a738-4e6a08d8310e
SNUG HOUSE/Best /Hongdae/River view/마포역/Mapo/서울/홍대,https://a0.muscache.com/im/pictures/3b492541-8a46-4b3c-84ec-866b69cef3d4.jpg?im_w=720,https://www.airbnb.co.kr//rooms/35108053?previous_page_section_name=1000&federated_search_id=10fdd242-1dbf-458f-a738-4e6a08d8310e
1 minute HyochangPark station line6,https://a0.muscache.com/im/pictures/4c800ec6-099a-48e7-9f43-5d66c0ec3e95.jpg?im_w=720,https://www.airbnb.co.kr//rooms/13706860?previous_page_section_name=1000&federated_search_id=10fdd242-1dbf-458f-a738-4e6a08d8310e
< 코로나방역완료 > 홍대 합정 망원동 5분 복층 /  #넷플릭스 유튜브 시청 가능 ! 2,https://a0.muscache.com/im/pictures/9045c5f2-2858-48b5-bc5f-e16ec7ded0cc.jpg?im_w=720,https://www.airbnb.co.kr//rooms/41865553?previous_page_section_name=1000&federated_search_id=10fdd242-1dbf-458f-a738-4e6a08d8310e
BEAUTIFUL & LUXURIOUS GUEST HOUSE in Hongdae,https://a0.muscache.com/im/pictures/6f08f7c2-c90b-4a06-b726-86ec6b572b67.jpg?im_w=720,https://www.airbnb.co.kr//rooms/46327813?previous_page_section_name=1000&federated_search_id=10fdd242-1dbf-458f-a738-4e6a08d8310e
#Family Room#8mins Hongik station#YeonNamdong,https://a0.muscache.com/im/pictures/9e685b23-929d-45aa-8218-fba2beab6095.jpg?im_w=720,https://www.airbnb.co.kr//rooms/34652351?previous_page_section_name=1000&federated_search_id=10fdd242-1dbf-458f-a738-4e6a08d8310e
M.N HOUSE/Best /Hongdae/River view/마포역/Mapo/서울/홍대,https://a0.muscache.com/im/pictures/3dc94817-8938-4857-847d-d7a7439a4788.jpg?im_w=720,https://www.airbnb.co.kr//rooms/35921691?previous_page_section_name=1000&federated_search_id=10fdd242-1dbf-458f-a738-4e6a08d8310e
Newlyopen★101SweetCheese★역에서 단 3분거리!,https://a0.muscache.com/im/pictures/miso/Hosting-24694963/original/ffdc8dd6-355d-4fd2-9770-6785172b2880.jpeg?im_w=720,https://www.airbnb.co.kr//rooms/24694963?previous_page_section_name=1000&federated_search_id=10fdd242-1dbf-458f-a738-4e6a08d8310e
★ ★ 홍대메인 걷고싶은 거리 ★★ D4  더블침대2개 (홍대역9번출구 숙소거리5분~),https://a0.muscache.com/im/pictures/8e9c4653-d7cd-4e87-aa4c-b13d5227b8eb.jpg?im_w=720,https://www.airbnb.co.kr//rooms/45870077?previous_page_section_name=1000&federated_search_id=10fdd242-1dbf-458f-a738-4e6a08d8310e
"[DJ River View House]Mapo,Hongdae /FreeWifi & IPTV",https://a0.muscache.com/im/pictures/3f870b0d-c0c8-4fd8-a539-7de19252ed40.jpg?im_w=720,https://www.airbnb.co.kr//rooms/32733420?previous_page_section_name=1000&federated_search_id=10fdd242-1dbf-458f-a738-4e6a08d8310e
[Free Pocket Wi-Fi] 도심 속 그레이&화이트 톤의 한강뷰 힐링 스튜디오 :),https://a0.muscache.com/im/pictures/85128a09-ad22-4e76-ac2a-0a903f14a115.jpg?im_w=720,https://www.airbnb.co.kr//rooms/21329537?previous_page_section_name=1000&federated_search_id=10fdd242-1dbf-458f-a738-4e6a08d8310e
❤️HONGDAE/SANGSU2min/dormitory/share house/female❤️,https://a0.muscache.com/im/pictures/f0556cf2-3aef-466e-8b2f-a3973fcaadfc.jpg?im_w=720,https://www.airbnb.co.kr//rooms/46246257?previous_page_section_name=1000&federated_search_id=10fdd242-1dbf-458f-a738-4e6a08d8310e
♪썬샤인♪홍대입구3번출구 10초컷#연트롤파크10초컷#집전체#오픈세일+_+,https://a0.muscache.com/im/pictures/1ea720d4-8b45-4526-af75-9ed40015fdd4.jpg?im_w=720,https://www.airbnb.co.kr//rooms/42525802?previous_page_section_name=1000&federated_search_id=10fdd242-1dbf-458f-a738-4e6a08d8310e
망리단길 중심위치 빈티지 하우스103,https://a0.muscache.com/im/pictures/2637b7f9-e21e-401b-9e42-e56df83d9fc4.jpg?im_w=720,https://www.airbnb.co.kr//rooms/47161141?previous_page_section_name=1000&federated_search_id=10fdd242-1dbf-458f-a738-4e6a08d8310e
대학로 Min's House B02,https://a0.muscache.com/im/pictures/5a85375c-737f-4a30-86cc-8b163ea72c94.jpg?im_w=720,https://www.airbnb.co.kr//rooms/42393778?previous_page_section_name=1000&federated_search_id=0d8df8a4-fb5c-4a06-affe-5ae8605d0eee
#3★제리네! 얼리체크인! 루프탑 힙돌힙순이숨숨집!,https://a0.muscache.com/im/pictures/bd4c7d7a-4f0b-495c-804a-0fa28d04fa77.jpg?im_w=720,https://www.airbnb.co.kr//rooms/38990515?previous_page_section_name=1000&federated_search_id=0d8df8a4-fb5c-4a06-affe-5ae8605d0eee
☆홍대 G Guesthouse 싱글룸/푸짐한 무료조식☆,https://a0.muscache.com/im/pictures/dd643b0b-b052-4de2-a283-3284b7db40f0.jpg?im_w=720,https://www.airbnb.co.kr//rooms/43634127?previous_page_section_name=1000&federated_search_id=0d8df8a4-fb5c-4a06-affe-5ae8605d0eee
♥Fave201♥Helloworld Studio★Newly open,https://a0.muscache.com/im/pictures/dc1c4026-23b8-4c8b-90df-936cf7709817.jpg?im_w=720,https://www.airbnb.co.kr//rooms/34336449?previous_page_section_name=1000&federated_search_id=0d8df8a4-fb5c-4a06-affe-5ae8605d0eee
Romantic House ^_^ - 4min Hongik stn.,https://a0.muscache.com/im/pictures/848148d7-aac9-4f36-a6b0-2a5cfc11c196.jpg?im_w=720,https://www.airbnb.co.kr//rooms/35885646?previous_page_section_name=1000&federated_search_id=0d8df8a4-fb5c-4a06-affe-5ae8605d0eee
조용한 용산구 주택가,https://a0.muscache.com/im/pictures/1a63fb36-2a62-476f-9617-246a431fd8f7.jpg?im_w=720,https://www.airbnb.co.kr//rooms/47325679?previous_page_section_name=1000&federated_search_id=0d8df8a4-fb5c-4a06-affe-5ae8605d0eee
여의도 접근성 좋은 아늑하고 깔끔한 신길역 풀옵션 숙소 #자가격리불가,https://a0.muscache.com/im/pictures/3de99e4f-1285-47d5-8a3d-e13e385f5655.jpg?im_w=720,https://www.airbnb.co.kr//rooms/47022414?previous_page_section_name=1000&federated_search_id=0d8df8a4-fb5c-4a06-affe-5ae8605d0eee
[NEW]19층 가심비갑 씨티뷰!/조용하고깨끗한신축숙소/공덕역도보3분/최고가성비,https://a0.muscache.com/im/pictures/23480a24-34d4-430d-ba8c-bc1891e4f8a1.jpg?im_w=720,https://www.airbnb.co.kr//rooms/43359570?previous_page_section_name=1000&federated_search_id=0d8df8a4-fb5c-4a06-affe-5ae8605d0eee
The First @ Hongdae - A17 -,https://a0.muscache.com/im/pictures/3393e865-cff5-47ab-a3d8-49c55db701e7.jpg?im_w=720,https://www.airbnb.co.kr//rooms/47147303?previous_page_section_name=1000&federated_search_id=0d8df8a4-fb5c-4a06-affe-5ae8605d0eee
"3#좋은복층 코로나 걱정마세요 영등포역,타임스퀘어 corona Don't worry",https://a0.muscache.com/im/pictures/870b74da-4add-4325-9063-b8d772fcc3a6.jpg?im_w=720,https://www.airbnb.co.kr//rooms/40604377?previous_page_section_name=1000&federated_search_id=0d8df8a4-fb5c-4a06-affe-5ae8605d0eee
[HongDea/DMC] PlutoART Single Room,https://a0.muscache.com/im/pictures/201ededa-ab2c-4822-9425-d40bb47a0c7a.jpg?im_w=720,https://www.airbnb.co.kr//rooms/27879891?previous_page_section_name=1000&federated_search_id=0d8df8a4-fb5c-4a06-affe-5ae8605d0eee
[Bunker.k4]Private House.Mapo/사진감성Good!/Cozy room,https://a0.muscache.com/im/pictures/miso/Hosting-46826783/original/43cb7025-78d5-46b0-bdcf-6b9f8e1ce9a9.jpeg?im_w=720,https://www.airbnb.co.kr//rooms/46826783?previous_page_section_name=1000&federated_search_id=0d8df8a4-fb5c-4a06-affe-5ae8605d0eee
Cozy apartment and very close to subway station,https://a0.muscache.com/im/pictures/7845a020-7f35-4979-9d2b-66e6f4e2e792.jpg?im_w=720,https://www.airbnb.co.kr//rooms/39267876?previous_page_section_name=1000&federated_search_id=0d8df8a4-fb5c-4a06-affe-5ae8605d0eee
[💕#2] 5min Hongik Stn/ Forest Park COZY house!!,https://a0.muscache.com/im/pictures/252981dc-d353-407a-a2fc-5a08c99307ec.jpg?im_w=720,https://www.airbnb.co.kr//rooms/46225379?previous_page_section_name=1000&federated_search_id=0d8df8a4-fb5c-4a06-affe-5ae8605d0eee
#2 제리네 호미스튜디오,https://a0.muscache.com/im/pictures/f4f50456-3725-495a-9120-b8c7e62bbfc3.jpg?im_w=720,https://www.airbnb.co.kr//rooms/46937825?previous_page_section_name=1000&federated_search_id=0d8df8a4-fb5c-4a06-affe-5ae8605d0eee
"더블침대를 나만의 공간으로 (게스트하우스,호스텔)",https://a0.muscache.com/im/pictures/b47d7dbc-b9a2-4869-8512-35c40c214ee1.jpg?im_w=720,https://www.airbnb.co.kr//rooms/43531114?previous_page_section_name=1000&federated_search_id=0d8df8a4-fb5c-4a06-affe-5ae8605d0eee
"집전체🌟투룸(two rooms)🌟장기투숙및자가격리
(self-quarantine 2)",https://a0.muscache.com/im/pictures/7b8d5467-6e4c-454f-a136-fa02b14ad911.jpg?im_w=720,https://www.airbnb.co.kr//rooms/47337474?previous_page_section_name=1000&federated_search_id=0d8df8a4-fb5c-4a06-affe-5ae8605d0eee
"Moonhouse4(1인실)구산역인근/near합정,종로,DMC,북한산,홍대,서울서북병원",https://a0.muscache.com/im/pictures/6c96c030-2a58-4ad6-9629-ad5dd8d0860d.jpg?im_w=720,https://www.airbnb.co.kr//rooms/47524851?previous_page_section_name=1000&federated_search_id=0d8df8a4-fb5c-4a06-affe-5ae8605d0eee
★New Open★Hongik Univ Stn❤️엠블리하우스❤️#5th room,https://a0.muscache.com/im/pictures/4c5c18a2-fb46-43a4-8487-89efe3c0d274.jpg?im_w=720,https://www.airbnb.co.kr//rooms/33904725?previous_page_section_name=1000&federated_search_id=0d8df8a4-fb5c-4a06-affe-5ae8605d0eee
H4] 2020년 리뉴얼! 합정역1분거리 초고층 스카이뷰  최고급 레지던스. 무료주차,https://a0.muscache.com/im/pictures/50665f44-d0c1-49bc-a439-9369f7d3cd56.jpg?im_w=720,https://www.airbnb.co.kr//rooms/30727325?previous_page_section_name=1000&federated_search_id=0d8df8a4-fb5c-4a06-affe-5ae8605d0eee
